,no,pt_no,region,temp_I,sekisan_I
0,cv_no0,"[160, 159, 319, 325]",15,5.800000000000001,705.9999999999998
1,cv_no1,"[191, 196, 43, 329]",15,5.800000000000001,705.9999999999998
2,cv_no2,"[213, 188, 65, 261]",15,5.800000000000001,705.9999999999998
3,cv_no3,"[62, 215, 189, 227]",15,5.800000000000001,705.9999999999998
4,cv_no4,"[164, 304, 165, 332]",15,5.800000000000001,705.9999999999998
5,cv_no5,"[128, 141, 110, 316]",15,5.800000000000001,705.9999999999998
6,cv_no6,"[151, 226, 177, 54]",15,5.800000000000001,705.9999999999998
7,cv_no7,"[72, 90, 78, 291]",15,5.800000000000001,705.9999999999998
8,cv_no8,"[109, 168, 34, 136]",15,5.800000000000001,705.9999999999998
9,cv_no9,"[248, 227, 238, 309]",15,5.800000000000001,705.9999999999998
10,cv_no10,"[292, 315, 273, 326]",15,5.800000000000001,705.9999999999998
11,cv_no11,"[290, 296, 275, 329]",15,5.800000000000001,705.9999999999998
12,cv_no12,"[191, 43, 112, 329]",15,5.800000000000001,705.9999999999998
13,cv_no13,"[57, 150, 260, 249]",15,5.800000000000001,705.9999999999998
14,cv_no14,"[237, 151, 53, 226]",15,5.800000000000001,705.9999999999998
15,cv_no15,"[122, 109, 121, 283]",15,5.800000000000001,705.9999999999998
16,cv_no16,"[252, 263, 256, 297]",15,5.800000000000001,705.9999999999998
17,cv_no17,"[84, 85, 83, 299]",15,5.800000000000001,705.9999999999998
18,cv_no18,"[200, 197, 199, 296]",15,5.800000000000001,705.9999999999998
19,cv_no19,"[174, 173, 307, 318]",15,5.800000000000001,705.9999999999998
20,cv_no20,"[278, 296, 290, 329]",15,5.800000000000001,705.9999999999998
21,cv_no21,"[95, 74, 13, 169]",15,5.800000000000001,705.9999999999998
22,cv_no22,"[188, 65, 261, 250]",15,5.800000000000001,705.9999999999998
23,cv_no23,"[96, 88, 70, 305]",15,5.800000000000001,705.9999999999998
24,cv_no24,"[238, 61, 189, 227]",15,5.800000000000001,705.9999999999998
25,cv_no25,"[188, 224, 216, 320]",15,5.800000000000001,705.9999999999998
26,cv_no26,"[213, 214, 320, 328]",15,5.800000000000001,705.9999999999998
27,cv_no27,"[300, 304, 274, 324]",15,5.800000000000001,705.9999999999998
28,cv_no28,"[109, 121, 283, 330]",15,5.800000000000001,705.9999999999998
29,cv_no29,"[225, 309, 215, 317]",15,5.800000000000001,705.9999999999998
30,cv_no30,"[242, 233, 229, 294]",15,5.800000000000001,705.9999999999998
31,cv_no31,"[189, 61, 238, 211]",15,5.800000000000001,705.9999999999998
32,cv_no32,"[66, 250, 188, 216]",15,5.800000000000001,705.9999999999998
33,cv_no33,"[83, 85, 86, 299]",15,5.800000000000001,705.9999999999998
34,cv_no34,"[207, 24, 70, 92]",15,5.800000000000001,705.9999999999998
35,cv_no35,"[200, 192, 212, 321]",15,5.800000000000001,705.9999999999998
36,cv_no36,"[49, 236, 135, 110]",15,5.800000000000001,705.9999999999998
37,cv_no37,"[203, 207, 219, 305]",15,5.800000000000001,705.9999999999998
38,cv_no38,"[193, 205, 133, 46]",15,5.800000000000001,705.9999999999998
39,cv_no39,"[174, 308, 170, 318]",15,5.800000000000001,705.9999999999998
40,cv_no40,"[45, 129, 193, 206]",15,5.800000000000001,705.9999999999998
41,cv_no41,"[271, 288, 253, 328]",15,5.800000000000001,705.9999999999998
42,cv_no42,"[86, 98, 83, 299]",15,5.800000000000001,705.9999999999998
43,cv_no43,"[275, 311, 302, 315]",15,5.800000000000001,705.9999999999998
44,cv_no44,"[241, 215, 309, 317]",15,5.800000000000001,705.9999999999998
45,cv_no45,"[76, 108, 92, 328]",15,5.800000000000001,705.9999999999998
46,cv_no46,"[57, 150, 175, 260]",15,5.800000000000001,705.9999999999998
47,cv_no47,"[283, 319, 282, 325]",15,5.800000000000001,705.9999999999998
48,cv_no48,"[243, 287, 234, 307]",15,5.800000000000001,705.9999999999998
49,cv_no49,"[118, 137, 120, 298]",15,5.800000000000001,705.9999999999998
50,cv_no50,"[281, 313, 279, 322]",15,5.800000000000001,705.9999999999998
51,cv_no51,"[199, 313, 218, 322]",15,5.800000000000001,705.9999999999998
52,cv_no52,"[129, 193, 111, 45]",15,5.800000000000001,705.9999999999998
53,cv_no53,"[271, 320, 288, 328]",15,5.800000000000001,705.9999999999998
54,cv_no54,"[232, 234, 243, 287]",15,5.800000000000001,705.9999999999998
55,cv_no55,"[225, 208, 212, 309]",15,5.800000000000001,705.9999999999998
56,cv_no56,"[263, 297, 252, 331]",15,5.800000000000001,705.9999999999998
57,cv_no57,"[196, 42, 130, 116]",15,5.800000000000001,705.9999999999998
58,cv_no58,"[187, 174, 170, 318]",15,5.800000000000001,705.9999999999998
59,cv_no59,"[120, 122, 121, 302]",15,5.800000000000001,705.9999999999998
60,cv_no60,"[173, 151, 53, 237]",15,5.800000000000001,705.9999999999998
61,cv_no61,"[240, 239, 314, 318]",15,5.800000000000001,705.9999999999998
62,cv_no62,"[127, 124, 139, 290]",15,5.800000000000001,705.9999999999998
63,cv_no63,"[84, 73, 85, 285]",15,5.800000000000001,705.9999999999998
64,cv_no64,"[70, 190, 23, 207]",15,5.800000000000001,705.9999999999998
65,cv_no65,"[165, 169, 176, 332]",15,5.800000000000001,705.9999999999998
66,cv_no66,"[124, 139, 290, 327]",15,5.800000000000001,705.9999999999998
67,cv_no67,"[161, 159, 162, 308]",15,5.800000000000001,705.9999999999998
68,cv_no68,"[119, 298, 121, 330]",15,5.800000000000001,705.9999999999998
69,cv_no69,"[276, 330, 298, 331]",15,5.800000000000001,705.9999999999998
70,cv_no70,"[212, 211, 309, 310]",15,5.800000000000001,705.9999999999998
71,cv_no71,"[258, 265, 264, 284]",15,5.800000000000001,705.9999999999998
72,cv_no72,"[127, 124, 290, 327]",15,5.800000000000001,705.9999999999998
73,cv_no73,"[251, 255, 257, 291]",15,5.800000000000001,705.9999999999998
74,cv_no74,"[266, 249, 293, 323]",15,5.800000000000001,705.9999999999998
75,cv_no75,"[86, 93, 105, 295]",15,5.800000000000001,705.9999999999998
76,cv_no76,"[249, 58, 150, 323]",15,5.800000000000001,705.9999999999998
77,cv_no77,"[20, 75, 210, 321]",15,5.800000000000001,705.9999999999998
78,cv_no78,"[105, 89, 98, 321]",15,5.800000000000001,705.9999999999998
79,cv_no79,"[191, 112, 44, 303]",15,5.800000000000001,705.9999999999998
80,cv_no80,"[233, 240, 229, 294]",15,5.800000000000001,705.9999999999998
81,cv_no81,"[206, 191, 44, 303]",15,5.800000000000001,705.9999999999998
82,cv_no82,"[44, 129, 206, 303]",15,5.800000000000001,705.9999999999998
83,cv_no83,"[73, 9, 97, 154]",15,5.800000000000001,705.9999999999998
84,cv_no84,"[224, 214, 204, 301]",15,5.800000000000001,705.9999999999998
85,cv_no85,"[81, 79, 80, 292]",15,5.800000000000001,705.9999999999998
86,cv_no86,"[210, 75, 310, 321]",15,5.800000000000001,705.9999999999998
87,cv_no87,"[22, 88, 71, 322]",15,5.800000000000001,705.9999999999998
88,cv_no88,"[137, 123, 120, 302]",15,5.800000000000001,705.9999999999998
89,cv_no89,"[141, 134, 110, 316]",15,5.800000000000001,705.9999999999998
90,cv_no90,"[236, 49, 229, 110]",15,5.800000000000001,705.9999999999998
91,cv_no91,"[189, 215, 225, 309]",15,5.800000000000001,705.9999999999998
92,cv_no92,"[228, 231, 230, 312]",15,5.800000000000001,705.9999999999998
93,cv_no93,"[172, 97, 9, 154]",15,5.800000000000001,705.9999999999998
94,cv_no94,"[85, 100, 86, 295]",15,5.800000000000001,705.9999999999998
95,cv_no95,"[91, 69, 28, 312]",15,5.800000000000001,705.9999999999998
96,cv_no96,"[262, 58, 249, 323]",15,5.800000000000001,705.9999999999998
97,cv_no97,"[93, 75, 105, 321]",15,5.800000000000001,705.9999999999998
98,cv_no98,"[29, 244, 103, 310]",15,5.800000000000001,705.9999999999998
99,cv_no99,"[44, 112, 129, 303]",15,5.800000000000001,705.9999999999998
100,cv_no100,"[74, 156, 13, 169]",15,5.800000000000001,705.9999999999998
101,cv_no101,"[197, 196, 191, 329]",15,5.800000000000001,705.9999999999998
102,cv_no102,"[190, 88, 22, 322]",15,5.800000000000001,705.9999999999998
103,cv_no103,"[24, 207, 194, 92]",15,5.800000000000001,705.9999999999998
104,cv_no104,"[210, 212, 192, 321]",15,5.800000000000001,705.9999999999998
105,cv_no105,"[102, 257, 15, 269]",15,5.800000000000001,705.9999999999998
106,cv_no106,"[69, 228, 28, 312]",15,5.800000000000001,705.9999999999998
107,cv_no107,"[171, 11, 152, 300]",15,5.800000000000001,705.9999999999998
108,cv_no108,"[212, 211, 189, 309]",15,5.800000000000001,705.9999999999998
109,cv_no109,"[158, 31, 157, 138]",15,5.800000000000001,705.9999999999998
110,cv_no110,"[93, 295, 100, 312]",15,5.800000000000001,705.9999999999998
111,cv_no111,"[264, 250, 66, 216]",15,5.800000000000001,705.9999999999998
112,cv_no112,"[226, 239, 177, 54]",15,5.800000000000001,705.9999999999998
113,cv_no113,"[70, 92, 108, 305]",15,5.800000000000001,705.9999999999998
114,cv_no114,"[254, 255, 251, 291]",15,5.800000000000001,705.9999999999998
115,cv_no115,"[214, 301, 224, 320]",15,5.800000000000001,705.9999999999998
116,cv_no116,"[181, 169, 165, 324]",15,5.800000000000001,705.9999999999998
117,cv_no117,"[50, 132, 229, 110]",15,5.800000000000001,705.9999999999998
118,cv_no118,"[31, 158, 114, 138]",15,5.800000000000001,705.9999999999998
119,cv_no119,"[227, 62, 215, 241]",15,5.800000000000001,705.9999999999998
120,cv_no120,"[68, 81, 80, 324]",15,5.800000000000001,705.9999999999998
121,cv_no121,"[252, 256, 265, 297]",15,5.800000000000001,705.9999999999998
122,cv_no122,"[181, 165, 304, 324]",15,5.800000000000001,705.9999999999998
123,cv_no123,"[181, 304, 163, 324]",15,5.800000000000001,705.9999999999998
124,cv_no124,"[302, 311, 275, 327]",15,5.800000000000001,705.9999999999998
125,cv_no125,"[266, 249, 260, 293]",15,5.800000000000001,705.9999999999998
126,cv_no126,"[178, 150, 58, 323]",15,5.800000000000001,705.9999999999998
127,cv_no127,"[171, 180, 179, 300]",15,5.800000000000001,705.9999999999998
128,cv_no128,"[139, 146, 290, 329]",15,5.800000000000001,705.9999999999998
129,cv_no129,"[43, 196, 130, 329]",15,5.800000000000001,705.9999999999998
130,cv_no130,"[229, 235, 132, 50]",15,5.800000000000001,705.9999999999998
131,cv_no131,"[134, 141, 127, 316]",15,5.800000000000001,705.9999999999998
132,cv_no132,"[237, 226, 243, 318]",15,5.800000000000001,705.9999999999998
133,cv_no133,"[99, 10, 73, 171]",15,5.800000000000001,705.9999999999998
134,cv_no134,"[96, 108, 77, 305]",15,5.800000000000001,705.9999999999998
135,cv_no135,"[202, 204, 203, 301]",15,5.800000000000001,705.9999999999998
136,cv_no136,"[42, 196, 195, 116]",15,5.800000000000001,705.9999999999998
137,cv_no137,"[127, 126, 124, 327]",15,5.800000000000001,705.9999999999998
138,cv_no138,"[178, 58, 262, 323]",15,5.800000000000001,705.9999999999998
139,cv_no139,"[139, 146, 127, 290]",15,5.800000000000001,705.9999999999998
140,cv_no140,"[121, 119, 120, 298]",15,5.800000000000001,705.9999999999998
141,cv_no141,"[171, 99, 11, 300]",15,5.800000000000001,705.9999999999998
142,cv_no142,"[151, 187, 177, 318]",15,5.800000000000001,705.9999999999998
143,cv_no143,"[43, 130, 112, 329]",15,5.800000000000001,705.9999999999998
144,cv_no144,"[242, 241, 309, 317]",15,5.800000000000001,705.9999999999998
145,cv_no145,"[91, 75, 93, 310]",15,5.800000000000001,705.9999999999998
146,cv_no146,"[126, 282, 125, 327]",15,5.800000000000001,705.9999999999998
147,cv_no147,"[282, 319, 159, 325]",15,5.800000000000001,705.9999999999998
148,cv_no148,"[265, 284, 297, 320]",15,5.800000000000001,705.9999999999998
149,cv_no149,"[253, 288, 76, 328]",15,5.800000000000001,705.9999999999998
150,cv_no150,"[257, 16, 72, 90]",15,5.800000000000001,705.9999999999998
151,cv_no151,"[139, 124, 123, 327]",15,5.800000000000001,705.9999999999998
152,cv_no152,"[169, 277, 176, 332]",15,5.800000000000001,705.9999999999998
153,cv_no153,"[164, 160, 163, 319]",15,5.800000000000001,705.9999999999998
154,cv_no154,"[248, 309, 238, 310]",15,5.800000000000001,705.9999999999998
155,cv_no155,"[108, 288, 77, 305]",15,5.800000000000001,705.9999999999998
156,cv_no156,"[237, 173, 151, 318]",15,5.800000000000001,705.9999999999998
157,cv_no157,"[109, 283, 122, 325]",15,5.800000000000001,705.9999999999998
158,cv_no158,"[253, 251, 17, 72]",15,5.800000000000001,705.9999999999998
159,cv_no159,"[277, 304, 165, 324]",15,5.800000000000001,705.9999999999998
160,cv_no160,"[71, 98, 89, 322]",15,5.800000000000001,705.9999999999998
161,cv_no161,"[197, 191, 303, 329]",15,5.800000000000001,705.9999999999998
162,cv_no162,"[274, 311, 299, 315]",15,5.800000000000001,705.9999999999998
163,cv_no163,"[202, 289, 204, 301]",15,5.800000000000001,705.9999999999998
164,cv_no164,"[165, 304, 277, 332]",15,5.800000000000001,705.9999999999998
165,cv_no165,"[85, 295, 86, 299]",15,5.800000000000001,705.9999999999998
166,cv_no166,"[169, 277, 165, 324]",15,5.800000000000001,705.9999999999998
167,cv_no167,"[255, 257, 291, 293]",15,5.800000000000001,705.9999999999998
168,cv_no168,"[237, 307, 173, 318]",15,5.800000000000001,705.9999999999998
169,cv_no169,"[296, 303, 275, 329]",15,5.800000000000001,705.9999999999998
170,cv_no170,"[297, 298, 276, 326]",15,5.800000000000001,705.9999999999998
171,cv_no171,"[214, 288, 301, 320]",15,5.800000000000001,705.9999999999998
172,cv_no172,"[288, 320, 214, 328]",15,5.800000000000001,705.9999999999998
173,cv_no173,"[115, 136, 155, 330]",15,5.800000000000001,705.9999999999998
174,cv_no174,"[164, 163, 304, 319]",15,5.800000000000001,705.9999999999998
175,cv_no175,"[197, 191, 198, 303]",15,5.800000000000001,705.9999999999998
176,cv_no176,"[282, 308, 159, 319]",15,5.800000000000001,705.9999999999998
177,cv_no177,"[269, 257, 260, 293]",15,5.800000000000001,705.9999999999998
178,cv_no178,"[83, 81, 84, 299]",15,5.800000000000001,705.9999999999998
179,cv_no179,"[118, 117, 149, 284]",15,5.800000000000001,705.9999999999998
180,cv_no180,"[70, 207, 92, 305]",15,5.800000000000001,705.9999999999998
181,cv_no181,"[167, 306, 115, 330]",15,5.800000000000001,705.9999999999998
182,cv_no182,"[187, 170, 286, 318]",15,5.800000000000001,705.9999999999998
183,cv_no183,"[149, 111, 137, 289]",15,5.800000000000001,705.9999999999998
184,cv_no184,"[72, 251, 16, 257]",15,5.800000000000001,705.9999999999998
185,cv_no185,"[197, 199, 296, 313]",15,5.800000000000001,705.9999999999998
186,cv_no186,"[156, 182, 175, 293]",15,5.800000000000001,705.9999999999998
187,cv_no187,"[304, 319, 283, 325]",15,5.800000000000001,705.9999999999998
188,cv_no188,"[277, 292, 273, 326]",15,5.800000000000001,705.9999999999998
189,cv_no189,"[234, 287, 232, 312]",15,5.800000000000001,705.9999999999998
190,cv_no190,"[243, 240, 232, 318]",15,5.800000000000001,705.9999999999998
191,cv_no191,"[282, 325, 125, 327]",15,5.800000000000001,705.9999999999998
192,cv_no192,"[274, 315, 292, 326]",15,5.800000000000001,705.9999999999998
193,cv_no193,"[165, 277, 169, 332]",15,5.800000000000001,705.9999999999998
194,cv_no194,"[255, 256, 263, 297]",15,5.800000000000001,705.9999999999998
195,cv_no195,"[73, 84, 99, 300]",15,5.800000000000001,705.9999999999998
196,cv_no196,"[127, 290, 126, 327]",15,5.800000000000001,705.9999999999998
197,cv_no197,"[83, 98, 82, 299]",15,5.800000000000001,705.9999999999998
198,cv_no198,"[225, 278, 309, 317]",15,5.800000000000001,705.9999999999998
199,cv_no199,"[137, 129, 147, 289]",15,5.800000000000001,705.9999999999998
200,cv_no200,"[115, 155, 167, 330]",15,5.800000000000001,705.9999999999998
201,cv_no201,"[280, 295, 279, 321]",15,5.800000000000001,705.9999999999998
202,cv_no202,"[170, 308, 286, 318]",15,5.800000000000001,705.9999999999998
203,cv_no203,"[91, 230, 310, 312]",15,5.800000000000001,705.9999999999998
204,cv_no204,"[231, 242, 248, 309]",15,5.800000000000001,705.9999999999998
205,cv_no205,"[189, 238, 227, 309]",15,5.800000000000001,705.9999999999998
206,cv_no206,"[218, 219, 190, 322]",15,5.800000000000001,705.9999999999998
207,cv_no207,"[206, 193, 202, 289]",15,5.800000000000001,705.9999999999998
208,cv_no208,"[297, 298, 284, 331]",15,5.800000000000001,705.9999999999998
209,cv_no209,"[273, 284, 297, 298]",15,5.800000000000001,705.9999999999998
210,cv_no210,"[170, 157, 187, 286]",15,5.800000000000001,705.9999999999998
211,cv_no211,"[138, 286, 128, 314]",15,5.800000000000001,705.9999999999998
212,cv_no212,"[100, 87, 69, 312]",15,5.800000000000001,705.9999999999998
213,cv_no213,"[202, 193, 204, 289]",15,5.800000000000001,705.9999999999998
214,cv_no214,"[133, 149, 117, 284]",15,5.800000000000001,705.9999999999998
215,cv_no215,"[283, 330, 326, 332]",15,5.800000000000001,705.9999999999998
216,cv_no216,"[212, 309, 280, 310]",15,5.800000000000001,705.9999999999998
217,cv_no217,"[187, 286, 157, 314]",15,5.800000000000001,705.9999999999998
218,cv_no218,"[326, 330, 276, 332]",15,5.800000000000001,705.9999999999998
219,cv_no219,"[207, 194, 92, 305]",15,5.800000000000001,705.9999999999998
220,cv_no220,"[76, 77, 108, 288]",15,5.800000000000001,705.9999999999998
221,cv_no221,"[214, 207, 203, 305]",15,5.800000000000001,705.9999999999998
222,cv_no222,"[274, 304, 300, 319]",15,5.800000000000001,705.9999999999998
223,cv_no223,"[189, 227, 215, 309]",15,5.800000000000001,705.9999999999998
224,cv_no224,"[298, 326, 283, 330]",15,5.800000000000001,705.9999999999998
225,cv_no225,"[237, 243, 307, 318]",15,5.800000000000001,705.9999999999998
226,cv_no226,"[253, 271, 254, 288]",15,5.800000000000001,705.9999999999998
227,cv_no227,"[197, 198, 199, 313]",15,5.800000000000001,705.9999999999998
228,cv_no228,"[93, 105, 295, 321]",15,5.800000000000001,705.9999999999998
229,cv_no229,"[201, 198, 202, 313]",15,5.800000000000001,705.9999999999998
230,cv_no230,"[209, 89, 192, 321]",15,5.800000000000001,705.9999999999998
231,cv_no231,"[263, 259, 306, 331]",15,5.800000000000001,705.9999999999998
232,cv_no232,"[27, 69, 94, 234]",15,5.800000000000001,705.9999999999998
233,cv_no233,"[133, 193, 46, 111]",15,5.800000000000001,705.9999999999998
234,cv_no234,"[264, 284, 265, 320]",15,5.800000000000001,705.9999999999998
235,cv_no235,"[72, 78, 77, 291]",15,5.800000000000001,705.9999999999998
236,cv_no236,"[283, 304, 274, 319]",15,5.800000000000001,705.9999999999998
237,cv_no237,"[276, 326, 298, 330]",15,5.800000000000001,705.9999999999998
238,cv_no238,"[88, 190, 23, 70]",15,5.800000000000001,705.9999999999998
239,cv_no239,"[200, 217, 192, 321]",15,5.800000000000001,705.9999999999998
240,cv_no240,"[109, 122, 125, 325]",15,5.800000000000001,705.9999999999998
241,cv_no241,"[188, 250, 261, 320]",15,5.800000000000001,705.9999999999998
242,cv_no242,"[215, 227, 241, 309]",15,5.800000000000001,705.9999999999998
243,cv_no243,"[287, 307, 243, 318]",15,5.800000000000001,705.9999999999998
244,cv_no244,"[271, 261, 320, 328]",15,5.800000000000001,705.9999999999998
245,cv_no245,"[298, 302, 283, 326]",15,5.800000000000001,705.9999999999998
246,cv_no246,"[181, 163, 180, 324]",15,5.800000000000001,705.9999999999998
247,cv_no247,"[27, 69, 234, 228]",15,5.800000000000001,705.9999999999998
248,cv_no248,"[68, 300, 81, 324]",15,5.800000000000001,705.9999999999998
249,cv_no249,"[177, 239, 226, 318]",15,5.800000000000001,705.9999999999998
250,cv_no250,"[115, 306, 148, 330]",15,5.800000000000001,705.9999999999998
251,cv_no251,"[115, 155, 35, 167]",15,5.800000000000001,705.9999999999998
252,cv_no252,"[136, 155, 35, 115]",15,5.800000000000001,705.9999999999998
253,cv_no253,"[234, 232, 228, 312]",15,5.800000000000001,705.9999999999998
254,cv_no254,"[76, 253, 17, 72]",15,5.800000000000001,705.9999999999998
255,cv_no255,"[273, 292, 281, 315]",15,5.800000000000001,705.9999999999998
256,cv_no256,"[167, 155, 166, 330]",15,5.800000000000001,705.9999999999998
257,cv_no257,"[155, 34, 168, 136]",15,5.800000000000001,705.9999999999998
258,cv_no258,"[273, 298, 297, 326]",15,5.800000000000001,705.9999999999998
259,cv_no259,"[122, 283, 121, 302]",15,5.800000000000001,705.9999999999998
260,cv_no260,"[85, 73, 87, 285]",15,5.800000000000001,705.9999999999998
261,cv_no261,"[210, 310, 212, 321]",15,5.800000000000001,705.9999999999998
262,cv_no262,"[274, 304, 283, 326]",15,5.800000000000001,705.9999999999998
263,cv_no263,"[250, 216, 264, 320]",15,5.800000000000001,705.9999999999998
264,cv_no264,"[188, 216, 250, 320]",15,5.800000000000001,705.9999999999998
265,cv_no265,"[148, 119, 330, 331]",15,5.800000000000001,705.9999999999998
266,cv_no266,"[151, 226, 237, 318]",15,5.800000000000001,705.9999999999998
267,cv_no267,"[202, 198, 206, 303]",15,5.800000000000001,705.9999999999998
268,cv_no268,"[177, 314, 239, 318]",15,5.800000000000001,705.9999999999998
269,cv_no269,"[161, 159, 308, 319]",15,5.800000000000001,705.9999999999998
270,cv_no270,"[219, 207, 190, 305]",15,5.800000000000001,705.9999999999998
271,cv_no271,"[283, 326, 304, 332]",15,5.800000000000001,705.9999999999998
272,cv_no272,"[96, 79, 82, 292]",15,5.800000000000001,705.9999999999998
273,cv_no273,"[150, 293, 249, 323]",15,5.800000000000001,705.9999999999998
274,cv_no274,"[261, 213, 320, 328]",15,5.800000000000001,705.9999999999998
275,cv_no275,"[256, 254, 265, 297]",15,5.800000000000001,705.9999999999998
276,cv_no276,"[194, 207, 214, 305]",15,5.800000000000001,705.9999999999998
277,cv_no277,"[271, 265, 254, 320]",15,5.800000000000001,705.9999999999998
278,cv_no278,"[83, 82, 81, 299]",15,5.800000000000001,705.9999999999998
279,cv_no279,"[298, 330, 119, 331]",15,5.800000000000001,705.9999999999998
280,cv_no280,"[272, 286, 294, 316]",15,5.800000000000001,705.9999999999998
281,cv_no281,"[262, 263, 306, 323]",15,5.800000000000001,705.9999999999998
282,cv_no282,"[286, 314, 187, 318]",15,5.800000000000001,705.9999999999998
283,cv_no283,"[226, 151, 177, 318]",15,5.800000000000001,705.9999999999998
284,cv_no284,"[199, 218, 217, 322]",15,5.800000000000001,705.9999999999998
285,cv_no285,"[187, 314, 177, 318]",15,5.800000000000001,705.9999999999998
286,cv_no286,"[129, 137, 111, 289]",15,5.800000000000001,705.9999999999998
287,cv_no287,"[131, 148, 306, 331]",15,5.800000000000001,705.9999999999998
288,cv_no288,"[261, 213, 188, 320]",15,5.800000000000001,705.9999999999998
289,cv_no289,"[76, 288, 108, 328]",15,5.800000000000001,705.9999999999998
290,cv_no290,"[42, 195, 41, 116]",15,5.800000000000001,705.9999999999998
291,cv_no291,"[193, 46, 111, 45]",15,5.800000000000001,705.9999999999998
292,cv_no292,"[51, 144, 235, 132]",15,5.800000000000001,705.9999999999998
293,cv_no293,"[104, 94, 97, 307]",15,5.800000000000001,705.9999999999998
294,cv_no294,"[40, 117, 258, 142]",15,5.800000000000001,705.9999999999998
295,cv_no295,"[262, 249, 263, 323]",15,5.800000000000001,705.9999999999998
296,cv_no296,"[49, 50, 229, 110]",15,5.800000000000001,705.9999999999998
297,cv_no297,"[43, 44, 191, 112]",15,5.800000000000001,705.9999999999998
298,cv_no298,"[75, 103, 19, 210]",15,5.800000000000001,705.9999999999998
299,cv_no299,"[71, 88, 106, 322]",15,5.800000000000001,705.9999999999998
300,cv_no300,"[70, 108, 96, 305]",15,5.800000000000001,705.9999999999998
301,cv_no301,"[92, 194, 25, 101]",15,5.800000000000001,705.9999999999998
302,cv_no302,"[253, 17, 18, 76]",15,5.800000000000001,705.9999999999998
303,cv_no303,"[120, 123, 122, 302]",15,5.800000000000001,705.9999999999998
304,cv_no304,"[214, 224, 188, 320]",15,5.800000000000001,705.9999999999998
305,cv_no305,"[143, 37, 131, 259]",15,5.800000000000001,705.9999999999998
306,cv_no306,"[199, 201, 218, 313]",15,5.800000000000001,705.9999999999998
307,cv_no307,"[174, 187, 151, 318]",15,5.800000000000001,705.9999999999998
308,cv_no308,"[15, 16, 257, 90]",15,5.800000000000001,705.9999999999998
309,cv_no309,"[237, 234, 246, 307]",15,5.800000000000001,705.9999999999998
310,cv_no310,"[157, 183, 177, 314]",15,5.800000000000001,705.9999999999998
311,cv_no311,"[138, 135, 145, 314]",15,5.800000000000001,705.9999999999998
312,cv_no312,"[160, 168, 153, 325]",15,5.800000000000001,705.9999999999998
313,cv_no313,"[103, 75, 91, 310]",15,5.800000000000001,705.9999999999998
314,cv_no314,"[113, 119, 131, 331]",15,5.800000000000001,705.9999999999998
315,cv_no315,"[27, 28, 69, 228]",15,5.800000000000001,705.9999999999998
316,cv_no316,"[206, 45, 129, 44]",15,5.800000000000001,705.9999999999998
317,cv_no317,"[144, 132, 116, 317]",15,5.800000000000001,705.9999999999998
318,cv_no318,"[247, 183, 145, 314]",15,5.800000000000001,705.9999999999998
319,cv_no319,"[178, 185, 167, 306]",15,5.800000000000001,705.9999999999998
320,cv_no320,"[267, 101, 220, 328]",15,5.800000000000001,705.9999999999998
321,cv_no321,"[218, 190, 209, 322]",15,5.800000000000001,705.9999999999998
322,cv_no322,"[115, 143, 131, 306]",15,5.800000000000001,705.9999999999998
323,cv_no323,"[92, 101, 76, 328]",15,5.800000000000001,705.9999999999998
324,cv_no324,"[99, 84, 68, 300]",15,5.800000000000001,705.9999999999998
325,cv_no325,"[32, 31, 158, 114]",15,5.800000000000001,705.9999999999998
326,cv_no326,"[147, 129, 112, 303]",15,5.800000000000001,705.9999999999998
327,cv_no327,"[104, 97, 172, 307]",15,5.800000000000001,705.9999999999998
328,cv_no328,"[150, 186, 176, 323]",15,5.800000000000001,705.9999999999998
329,cv_no329,"[152, 180, 171, 300]",15,5.800000000000001,705.9999999999998
330,cv_no330,"[220, 101, 194, 328]",15,5.800000000000001,705.9999999999998
331,cv_no331,"[37, 143, 270, 259]",15,5.800000000000001,705.9999999999998
332,cv_no332,"[163, 160, 161, 319]",15,5.800000000000001,705.9999999999998
333,cv_no333,"[270, 143, 185, 306]",15,5.800000000000001,705.9999999999998
334,cv_no334,"[235, 132, 144, 317]",15,5.800000000000001,705.9999999999998
335,cv_no335,"[186, 176, 323, 332]",15,5.800000000000001,705.9999999999998
336,cv_no336,"[199, 198, 201, 313]",15,5.800000000000001,705.9999999999998
337,cv_no337,"[184, 246, 104, 307]",15,5.800000000000001,705.9999999999998
338,cv_no338,"[277, 304, 326, 332]",15,5.800000000000001,705.9999999999998
339,cv_no339,"[135, 236, 48, 247]",15,5.800000000000001,705.9999999999998
340,cv_no340,"[138, 30, 157, 183]",15,5.800000000000001,705.9999999999998
341,cv_no341,"[203, 204, 214, 301]",15,5.800000000000001,705.9999999999998
342,cv_no342,"[135, 138, 128, 314]",15,5.800000000000001,705.9999999999998
343,cv_no343,"[225, 215, 195, 317]",15,5.800000000000001,705.9999999999998
344,cv_no344,"[87, 97, 94, 307]",15,5.800000000000001,705.9999999999998
345,cv_no345,"[101, 194, 25, 220]",15,5.800000000000001,705.9999999999998
346,cv_no346,"[103, 222, 19, 210]",15,5.800000000000001,705.9999999999998
347,cv_no347,"[8, 104, 97, 172]",15,5.800000000000001,705.9999999999998
348,cv_no348,"[14, 102, 156, 74]",15,5.800000000000001,705.9999999999998
349,cv_no349,"[98, 71, 106, 322]",15,5.800000000000001,705.9999999999998
350,cv_no350,"[178, 186, 150, 323]",15,5.800000000000001,705.9999999999998
351,cv_no351,"[258, 40, 142, 268]",15,5.800000000000001,705.9999999999998
352,cv_no352,"[245, 144, 221, 317]",15,5.800000000000001,705.9999999999998
353,cv_no353,"[250, 265, 271, 320]",15,5.800000000000001,705.9999999999998
354,cv_no354,"[94, 26, 27, 234]",15,5.800000000000001,705.9999999999998
355,cv_no355,"[212, 189, 225, 309]",15,5.800000000000001,705.9999999999998
356,cv_no356,"[227, 248, 242, 309]",15,5.800000000000001,705.9999999999998
357,cv_no357,"[266, 263, 249, 323]",15,5.800000000000001,705.9999999999998
358,cv_no358,"[226, 240, 243, 318]",15,5.800000000000001,705.9999999999998
359,cv_no359,"[92, 194, 101, 328]",15,5.800000000000001,705.9999999999998
360,cv_no360,"[245, 51, 144, 235]",15,5.800000000000001,705.9999999999998
361,cv_no361,"[14, 102, 182, 156]",15,5.800000000000001,705.9999999999998
362,cv_no362,"[103, 244, 222, 310]",15,5.800000000000001,705.9999999999998
363,cv_no363,"[37, 131, 259, 38]",15,5.800000000000001,705.9999999999998
364,cv_no364,"[239, 247, 236, 314]",15,5.800000000000001,705.9999999999998
365,cv_no365,"[23, 22, 190, 88]",15,5.800000000000001,705.9999999999998
366,cv_no366,"[11, 12, 152, 68]",15,5.800000000000001,705.9999999999998
367,cv_no367,"[33, 32, 153, 140]",15,5.800000000000001,705.9999999999998
368,cv_no368,"[211, 61, 238, 60]",15,5.800000000000001,705.9999999999998
369,cv_no369,"[31, 30, 157, 138]",15,5.800000000000001,705.9999999999998
370,cv_no370,"[95, 13, 12, 169]",15,5.800000000000001,705.9999999999998
371,cv_no371,"[241, 235, 245, 317]",15,5.800000000000001,705.9999999999998
372,cv_no372,"[220, 194, 213, 328]",15,5.800000000000001,705.9999999999998
373,cv_no373,"[21, 22, 71, 209]",15,5.800000000000001,705.9999999999998
374,cv_no374,"[188, 65, 250, 66]",15,5.800000000000001,705.9999999999998
375,cv_no375,"[155, 35, 34, 136]",15,5.800000000000001,705.9999999999998
376,cv_no376,"[58, 178, 262, 59]",15,5.800000000000001,705.9999999999998
377,cv_no377,"[62, 189, 61, 227]",15,5.800000000000001,705.9999999999998
378,cv_no378,"[246, 1, 184, 104]",15,5.800000000000001,705.9999999999998
379,cv_no379,"[28, 29, 91, 230]",15,5.800000000000001,705.9999999999998
380,cv_no380,"[247, 5, 145, 183]",15,5.800000000000001,705.9999999999998
381,cv_no381,"[102, 0, 14, 182]",15,5.800000000000001,705.9999999999998
382,cv_no382,"[18, 2, 267, 101]",15,5.800000000000001,705.9999999999998
383,cv_no383,"[185, 4, 36, 143]",15,5.800000000000001,705.9999999999998
384,cv_no384,"[145, 48, 5, 247]",15,5.800000000000001,705.9999999999998
385,cv_no385,"[67, 223, 6, 268]",15,5.800000000000001,705.9999999999998
386,cv_no386,"[185, 59, 4, 270]",15,5.800000000000001,705.9999999999998
387,cv_no387,"[7, 245, 221, 63]",15,5.800000000000001,705.9999999999998
388,cv_no388,"[183, 247, 5, 55]",15,5.800000000000001,705.9999999999998
389,cv_no389,"[7, 245, 51, 144]",15,5.800000000000001,705.9999999999998
390,cv_no390,"[57, 150, 249, 58]",15,5.800000000000001,705.9999999999998
391,cv_no391,"[142, 223, 6, 47]",15,5.800000000000001,705.9999999999998
392,cv_no392,"[103, 29, 3, 244]",15,5.800000000000001,705.9999999999998
393,cv_no393,"[135, 236, 49, 48]",15,5.800000000000001,705.9999999999998
394,cv_no394,"[101, 25, 2, 220]",15,5.800000000000001,705.9999999999998
395,cv_no395,"[176, 166, 165, 332]",15,5.800000000000001,705.9999999999998
396,cv_no396,"[25, 24, 194, 92]",15,5.800000000000001,705.9999999999998
397,cv_no397,"[156, 13, 14, 74]",15,5.800000000000001,705.9999999999998
398,cv_no398,"[121, 136, 148, 330]",15,5.800000000000001,705.9999999999998
399,cv_no399,"[168, 33, 109, 34]",15,5.800000000000001,705.9999999999998
400,cv_no400,"[215, 221, 195, 317]",15,5.800000000000001,705.9999999999998
401,cv_no401,"[16, 17, 251, 72]",15,5.800000000000001,705.9999999999998
402,cv_no402,"[192, 21, 20, 89]",15,5.800000000000001,705.9999999999998
403,cv_no403,"[75, 89, 105, 321]",15,5.800000000000001,705.9999999999998
404,cv_no404,"[169, 181, 152, 324]",15,5.800000000000001,705.9999999999998
405,cv_no405,"[267, 261, 253, 328]",15,5.800000000000001,705.9999999999998
406,cv_no406,"[23, 24, 70, 207]",15,5.800000000000001,705.9999999999998
407,cv_no407,"[175, 56, 57, 260]",15,5.800000000000001,705.9999999999998
408,cv_no408,"[184, 172, 173, 307]",15,5.800000000000001,705.9999999999998
409,cv_no409,"[42, 130, 43, 196]",15,5.800000000000001,705.9999999999998
410,cv_no410,"[238, 244, 230, 310]",15,5.800000000000001,705.9999999999998
411,cv_no411,"[205, 47, 133, 46]",15,5.800000000000001,705.9999999999998
412,cv_no412,"[139, 130, 146, 329]",15,5.800000000000001,705.9999999999998
413,cv_no413,"[39, 113, 38, 252]",15,5.800000000000001,705.9999999999998
414,cv_no414,"[35, 115, 167, 36]",15,5.800000000000001,705.9999999999998
415,cv_no415,"[112, 130, 139, 329]",15,5.800000000000001,705.9999999999998
416,cv_no416,"[73, 10, 9, 154]",15,5.800000000000001,705.9999999999998
417,cv_no417,"[0, 102, 269, 182]",15,5.800000000000001,705.9999999999998
418,cv_no418,"[39, 117, 258, 40]",15,5.800000000000001,705.9999999999998
419,cv_no419,"[226, 151, 53, 54]",15,5.800000000000001,705.9999999999998
420,cv_no420,"[186, 166, 176, 332]",15,5.800000000000001,705.9999999999998
421,cv_no421,"[239, 177, 54, 55]",15,5.800000000000001,705.9999999999998
422,cv_no422,"[216, 66, 264, 67]",15,5.800000000000001,705.9999999999998
423,cv_no423,"[4, 185, 270, 143]",15,5.800000000000001,705.9999999999998
424,cv_no424,"[262, 259, 270, 306]",15,5.800000000000001,705.9999999999998
425,cv_no425,"[63, 215, 62, 241]",15,5.800000000000001,705.9999999999998
426,cv_no426,"[119, 113, 118, 331]",15,5.800000000000001,705.9999999999998
427,cv_no427,"[173, 53, 52, 237]",15,5.800000000000001,705.9999999999998
428,cv_no428,"[3, 222, 103, 244]",15,5.800000000000001,705.9999999999998
429,cv_no429,"[7, 245, 144, 221]",15,5.800000000000001,705.9999999999998
430,cv_no430,"[142, 6, 223, 268]",15,5.800000000000001,705.9999999999998
431,cv_no431,"[75, 19, 20, 210]",15,5.800000000000001,705.9999999999998
432,cv_no432,"[2, 267, 101, 220]",15,5.800000000000001,705.9999999999998
433,cv_no433,"[64, 213, 65, 261]",15,5.800000000000001,705.9999999999998
434,cv_no434,"[211, 210, 222, 310]",15,5.800000000000001,705.9999999999998
435,cv_no435,"[90, 257, 15, 102]",15,5.800000000000001,705.9999999999998
436,cv_no436,"[29, 103, 91, 310]",15,5.800000000000001,705.9999999999998
437,cv_no437,"[38, 113, 131, 331]",15,5.800000000000001,705.9999999999998
438,cv_no438,"[271, 253, 261, 328]",15,5.800000000000001,705.9999999999998
439,cv_no439,"[185, 178, 59, 270]",15,5.800000000000001,705.9999999999998
440,cv_no440,"[276, 298, 297, 331]",15,5.800000000000001,705.9999999999998
441,cv_no441,"[152, 181, 180, 324]",15,5.800000000000001,705.9999999999998
442,cv_no442,"[115, 167, 36, 185]",15,5.800000000000001,705.9999999999998
443,cv_no443,"[119, 118, 298, 331]",15,5.800000000000001,705.9999999999998
444,cv_no444,"[216, 223, 67, 268]",15,5.800000000000001,705.9999999999998
445,cv_no445,"[262, 306, 178, 323]",15,5.800000000000001,705.9999999999998
446,cv_no446,"[112, 139, 303, 329]",15,5.800000000000001,705.9999999999998
447,cv_no447,"[94, 246, 234, 307]",15,5.800000000000001,705.9999999999998
448,cv_no448,"[141, 126, 127, 316]",15,5.800000000000001,705.9999999999998
449,cv_no449,"[41, 221, 144, 317]",15,5.800000000000001,705.9999999999998
450,cv_no450,"[250, 264, 265, 320]",15,5.800000000000001,705.9999999999998
451,cv_no451,"[183, 177, 247, 55]",15,5.800000000000001,705.9999999999998
452,cv_no452,"[180, 163, 161, 319]",15,5.800000000000001,705.9999999999998
453,cv_no453,"[126, 141, 128, 316]",15,5.800000000000001,705.9999999999998
454,cv_no454,"[168, 109, 33, 325]",15,5.800000000000001,705.9999999999998
455,cv_no455,"[213, 214, 188, 320]",15,5.800000000000001,705.9999999999998
456,cv_no456,"[89, 192, 21, 209]",15,5.800000000000001,705.9999999999998
457,cv_no457,"[178, 306, 186, 323]",15,5.800000000000001,705.9999999999998
458,cv_no458,"[159, 161, 160, 319]",15,5.800000000000001,705.9999999999998
459,cv_no459,"[163, 165, 164, 304]",15,5.800000000000001,705.9999999999998
460,cv_no460,"[38, 252, 113, 331]",15,5.800000000000001,705.9999999999998
461,cv_no461,"[239, 236, 240, 314]",15,5.800000000000001,705.9999999999998
462,cv_no462,"[109, 140, 33, 325]",15,5.800000000000001,705.9999999999998
463,cv_no463,"[148, 119, 121, 330]",15,5.800000000000001,705.9999999999998
464,cv_no464,"[195, 221, 41, 317]",15,5.800000000000001,705.9999999999998
465,cv_no465,"[156, 175, 176, 293]",15,5.800000000000001,705.9999999999998
466,cv_no466,"[259, 252, 38, 331]",15,5.800000000000001,705.9999999999998
467,cv_no467,"[187, 157, 177, 314]",15,5.800000000000001,705.9999999999998
468,cv_no468,"[232, 231, 228, 312]",15,5.800000000000001,705.9999999999998
469,cv_no469,"[145, 135, 48, 247]",15,5.800000000000001,705.9999999999998
470,cv_no470,"[68, 84, 81, 300]",15,5.800000000000001,705.9999999999998
471,cv_no471,"[169, 12, 95, 324]",15,5.800000000000001,705.9999999999998
472,cv_no472,"[99, 68, 11, 300]",15,5.800000000000001,705.9999999999998
473,cv_no473,"[10, 73, 171, 154]",15,5.800000000000001,705.9999999999998
474,cv_no474,"[166, 164, 165, 332]",15,5.800000000000001,705.9999999999998
475,cv_no475,"[153, 168, 33, 325]",15,5.800000000000001,705.9999999999998
476,cv_no476,"[175, 150, 176, 293]",15,5.800000000000001,705.9999999999998
477,cv_no477,"[150, 176, 293, 323]",15,5.800000000000001,705.9999999999998
478,cv_no478,"[115, 167, 185, 306]",15,5.800000000000001,705.9999999999998
479,cv_no479,"[112, 303, 191, 329]",15,5.800000000000001,705.9999999999998
480,cv_no480,"[115, 131, 148, 306]",15,5.800000000000001,705.9999999999998
481,cv_no481,"[209, 22, 71, 322]",15,5.800000000000001,705.9999999999998
482,cv_no482,"[259, 131, 306, 331]",15,5.800000000000001,705.9999999999998
483,cv_no483,"[290, 275, 311, 327]",15,5.800000000000001,705.9999999999998
484,cv_no484,"[153, 33, 140, 325]",15,5.800000000000001,705.9999999999998
485,cv_no485,"[168, 160, 164, 325]",15,5.800000000000001,705.9999999999998
486,cv_no486,"[271, 261, 250, 320]",15,5.800000000000001,705.9999999999998
487,cv_no487,"[259, 263, 252, 331]",15,5.800000000000001,705.9999999999998
488,cv_no488,"[115, 185, 143, 306]",15,5.800000000000001,705.9999999999998
489,cv_no489,"[160, 153, 159, 325]",15,5.800000000000001,705.9999999999998
490,cv_no490,"[247, 177, 183, 314]",15,5.800000000000001,705.9999999999998
491,cv_no491,"[185, 36, 115, 143]",15,5.800000000000001,705.9999999999998
492,cv_no492,"[20, 89, 75, 321]",15,5.800000000000001,705.9999999999998
493,cv_no493,"[148, 131, 119, 331]",15,5.800000000000001,705.9999999999998
494,cv_no494,"[71, 89, 21, 209]",15,5.800000000000001,705.9999999999998
495,cv_no495,"[152, 180, 300, 324]",15,5.800000000000001,705.9999999999998
496,cv_no496,"[152, 11, 68, 300]",15,5.800000000000001,705.9999999999998
497,cv_no497,"[174, 151, 173, 318]",15,5.800000000000001,705.9999999999998
498,cv_no498,"[209, 190, 22, 322]",15,5.800000000000001,705.9999999999998
499,cv_no499,"[269, 56, 182, 175]",15,5.800000000000001,705.9999999999998
500,cv_no500,"[38, 131, 259, 331]",15,5.800000000000001,705.9999999999998
501,cv_no501,"[135, 247, 145, 314]",15,5.800000000000001,705.9999999999998
502,cv_no502,"[246, 94, 104, 307]",15,5.800000000000001,705.9999999999998
503,cv_no503,"[260, 257, 266, 293]",15,5.800000000000001,705.9999999999998
504,cv_no504,"[79, 81, 82, 292]",15,5.800000000000001,705.9999999999998
505,cv_no505,"[230, 244, 29, 310]",15,5.800000000000001,705.9999999999998
506,cv_no506,"[200, 208, 197, 296]",15,5.800000000000001,705.9999999999998
507,cv_no507,"[20, 210, 192, 321]",15,5.800000000000001,705.9999999999998
508,cv_no508,"[267, 220, 213, 328]",15,5.800000000000001,705.9999999999998
509,cv_no509,"[124, 125, 122, 327]",15,5.800000000000001,705.9999999999998
510,cv_no510,"[230, 248, 238, 310]",15,5.800000000000001,705.9999999999998
511,cv_no511,"[178, 262, 59, 270]",15,5.800000000000001,705.9999999999998
512,cv_no512,"[211, 244, 238, 310]",15,5.800000000000001,705.9999999999998
513,cv_no513,"[138, 183, 157, 314]",15,5.800000000000001,705.9999999999998
514,cv_no514,"[93, 100, 69, 312]",15,5.800000000000001,705.9999999999998
515,cv_no515,"[211, 222, 60, 244]",15,5.800000000000001,705.9999999999998
516,cv_no516,"[227, 242, 241, 309]",15,5.800000000000001,705.9999999999998
517,cv_no517,"[125, 140, 109, 325]",15,5.800000000000001,705.9999999999998
518,cv_no518,"[246, 184, 52, 173]",15,5.800000000000001,705.9999999999998
519,cv_no519,"[93, 86, 100, 295]",15,5.800000000000001,705.9999999999998
520,cv_no520,"[67, 264, 216, 268]",15,5.800000000000001,705.9999999999998
521,cv_no521,"[245, 221, 241, 317]",15,5.800000000000001,705.9999999999998
522,cv_no522,"[213, 64, 267, 261]",15,5.800000000000001,705.9999999999998
523,cv_no523,"[177, 239, 247, 55]",15,5.800000000000001,705.9999999999998
524,cv_no524,"[215, 241, 221, 317]",15,5.800000000000001,705.9999999999998
525,cv_no525,"[126, 125, 124, 327]",15,5.800000000000001,705.9999999999998
526,cv_no526,"[198, 191, 206, 303]",15,5.800000000000001,705.9999999999998
527,cv_no527,"[120, 119, 118, 298]",15,5.800000000000001,705.9999999999998
528,cv_no528,"[80, 95, 68, 324]",15,5.800000000000001,705.9999999999998
529,cv_no529,"[178, 167, 186, 306]",15,5.800000000000001,705.9999999999998
530,cv_no530,"[170, 162, 159, 308]",15,5.800000000000001,705.9999999999998
531,cv_no531,"[181, 165, 163, 304]",15,5.800000000000001,705.9999999999998
532,cv_no532,"[143, 259, 131, 306]",15,5.800000000000001,705.9999999999998
533,cv_no533,"[60, 238, 211, 244]",15,5.800000000000001,705.9999999999998
534,cv_no534,"[236, 247, 135, 314]",15,5.800000000000001,705.9999999999998
535,cv_no535,"[12, 152, 68, 324]",15,5.800000000000001,705.9999999999998
536,cv_no536,"[93, 69, 91, 312]",15,5.800000000000001,705.9999999999998
537,cv_no537,"[30, 138, 145, 183]",15,5.800000000000001,705.9999999999998
538,cv_no538,"[267, 213, 261, 328]",15,5.800000000000001,705.9999999999998
539,cv_no539,"[68, 152, 300, 324]",15,5.800000000000001,705.9999999999998
540,cv_no540,"[104, 8, 184, 172]",15,5.800000000000001,705.9999999999998
541,cv_no541,"[75, 103, 210, 310]",15,5.800000000000001,705.9999999999998
542,cv_no542,"[173, 52, 246, 237]",15,5.800000000000001,705.9999999999998
543,cv_no543,"[245, 235, 144, 317]",15,5.800000000000001,705.9999999999998
544,cv_no544,"[115, 148, 136, 330]",15,5.800000000000001,705.9999999999998
545,cv_no545,"[211, 212, 210, 310]",15,5.800000000000001,705.9999999999998
546,cv_no546,"[242, 235, 241, 317]",15,5.800000000000001,705.9999999999998
547,cv_no547,"[214, 213, 194, 328]",15,5.800000000000001,705.9999999999998
548,cv_no548,"[184, 104, 172, 307]",15,5.800000000000001,705.9999999999998
549,cv_no549,"[184, 173, 246, 307]",15,5.800000000000001,705.9999999999998
550,cv_no550,"[263, 259, 262, 306]",15,5.800000000000001,705.9999999999998
551,cv_no551,"[267, 253, 18, 328]",15,5.800000000000001,705.9999999999998
552,cv_no552,"[240, 226, 239, 318]",15,5.800000000000001,705.9999999999998
553,cv_no553,"[101, 267, 18, 328]",15,5.800000000000001,705.9999999999998
554,cv_no554,"[162, 170, 174, 308]",15,5.800000000000001,705.9999999999998
555,cv_no555,"[12, 68, 95, 324]",15,5.800000000000001,705.9999999999998
556,cv_no556,"[243, 234, 237, 307]",15,5.800000000000001,705.9999999999998
557,cv_no557,"[145, 183, 138, 314]",15,5.800000000000001,705.9999999999998
558,cv_no558,"[104, 246, 26, 94]",15,5.800000000000001,705.9999999999998
559,cv_no559,"[267, 220, 64, 213]",15,5.800000000000001,705.9999999999998
560,cv_no560,"[18, 76, 101, 328]",15,5.800000000000001,705.9999999999998
561,cv_no561,"[20, 192, 89, 321]",15,5.800000000000001,705.9999999999998
562,cv_no562,"[18, 253, 76, 328]",15,5.800000000000001,705.9999999999998
563,cv_no563,"[94, 246, 26, 234]",15,5.800000000000001,705.9999999999998
564,cv_no564,"[147, 112, 139, 303]",15,5.800000000000001,705.9999999999998
565,cv_no565,"[172, 174, 173, 307]",15,5.800000000000001,705.9999999999998
566,cv_no566,"[173, 237, 246, 307]",15,5.800000000000001,705.9999999999998
567,cv_no567,"[222, 210, 103, 310]",15,5.800000000000001,705.9999999999998
568,cv_no568,"[230, 29, 91, 310]",15,5.800000000000001,705.9999999999998
569,cv_no569,"[143, 270, 259, 306]",15,5.800000000000001,705.9999999999998
570,cv_no570,"[123, 124, 122, 327]",15,5.800000000000001,705.9999999999998
571,cv_no571,"[98, 321, 89, 322]",15,5.800000000000001,705.9999999999998
572,cv_no572,"[109, 136, 121, 330]",15,5.800000000000001,705.9999999999998
573,cv_no573,"[209, 217, 218, 322]",15,5.800000000000001,705.9999999999998
574,cv_no574,"[269, 56, 175, 260]",15,5.800000000000001,705.9999999999998
575,cv_no575,"[222, 244, 211, 310]",15,5.800000000000001,705.9999999999998
576,cv_no576,"[176, 293, 323, 332]",15,5.800000000000001,705.9999999999998
577,cv_no577,"[123, 122, 302, 327]",15,5.800000000000001,705.9999999999998
578,cv_no578,"[247, 239, 177, 314]",15,5.800000000000001,705.9999999999998
579,cv_no579,"[169, 152, 12, 324]",15,5.800000000000001,705.9999999999998
580,cv_no580,"[128, 286, 114, 316]",15,5.800000000000001,705.9999999999998
581,cv_no581,"[264, 268, 258, 284]",15,5.800000000000001,705.9999999999998
582,cv_no582,"[240, 294, 286, 314]",15,5.800000000000001,705.9999999999998
583,cv_no583,"[252, 284, 258, 331]",15,5.800000000000001,705.9999999999998
584,cv_no584,"[279, 280, 272, 295]",15,5.800000000000001,705.9999999999998
585,cv_no585,"[280, 272, 295, 312]",15,5.800000000000001,705.9999999999998
586,cv_no586,"[82, 299, 106, 322]",15,5.800000000000001,705.9999999999998
587,cv_no587,"[193, 284, 204, 289]",15,5.800000000000001,705.9999999999998
588,cv_no588,"[274, 292, 81, 300]",15,5.800000000000001,705.9999999999998
589,cv_no589,"[281, 301, 289, 313]",15,5.800000000000001,705.9999999999998
590,cv_no590,"[86, 295, 279, 299]",15,5.800000000000001,705.9999999999998
591,cv_no591,"[153, 158, 159, 282]",15,5.800000000000001,705.9999999999998
592,cv_no592,"[289, 301, 281, 315]",15,5.800000000000001,705.9999999999998
593,cv_no593,"[110, 229, 236, 294]",15,5.800000000000001,705.9999999999998
594,cv_no594,"[133, 142, 205, 284]",15,5.800000000000001,705.9999999999998
595,cv_no595,"[292, 300, 274, 324]",15,5.800000000000001,705.9999999999998
596,cv_no596,"[123, 302, 275, 327]",15,5.800000000000001,705.9999999999998
597,cv_no597,"[287, 294, 232, 312]",15,5.800000000000001,705.9999999999998
598,cv_no598,"[275, 279, 296, 311]",15,5.800000000000001,705.9999999999998
599,cv_no599,"[128, 135, 286, 316]",15,5.800000000000001,705.9999999999998
600,cv_no600,"[158, 286, 170, 308]",15,5.800000000000001,705.9999999999998
601,cv_no601,"[116, 278, 195, 317]",15,5.800000000000001,705.9999999999998
602,cv_no602,"[290, 296, 272, 311]",15,5.800000000000001,705.9999999999998
603,cv_no603,"[80, 78, 277, 292]",15,5.800000000000001,705.9999999999998
604,cv_no604,"[277, 291, 273, 292]",15,5.800000000000001,705.9999999999998
605,cv_no605,"[231, 232, 233, 294]",15,5.800000000000001,705.9999999999998
606,cv_no606,"[113, 252, 117, 331]",15,5.800000000000001,705.9999999999998
607,cv_no607,"[161, 179, 300, 319]",15,5.800000000000001,705.9999999999998
608,cv_no608,"[251, 72, 253, 288]",15,5.800000000000001,705.9999999999998
609,cv_no609,"[242, 235, 278, 294]",15,5.800000000000001,705.9999999999998
610,cv_no610,"[72, 288, 251, 291]",15,5.800000000000001,705.9999999999998
611,cv_no611,"[254, 297, 288, 320]",15,5.800000000000001,705.9999999999998
612,cv_no612,"[149, 289, 137, 298]",15,5.800000000000001,705.9999999999998
613,cv_no613,"[87, 285, 287, 295]",15,5.800000000000001,705.9999999999998
614,cv_no614,"[97, 87, 73, 285]",15,5.800000000000001,705.9999999999998
615,cv_no615,"[275, 279, 311, 315]",15,5.800000000000001,705.9999999999998
616,cv_no616,"[132, 229, 110, 294]",15,5.800000000000001,705.9999999999998
617,cv_no617,"[273, 297, 291, 326]",15,5.800000000000001,705.9999999999998
618,cv_no618,"[285, 311, 274, 319]",15,5.800000000000001,705.9999999999998
619,cv_no619,"[149, 284, 289, 298]",15,5.800000000000001,705.9999999999998
620,cv_no620,"[308, 311, 285, 319]",15,5.800000000000001,705.9999999999998
621,cv_no621,"[157, 158, 138, 286]",15,5.800000000000001,705.9999999999998
622,cv_no622,"[100, 295, 287, 312]",15,5.800000000000001,705.9999999999998
623,cv_no623,"[147, 123, 303, 327]",15,5.800000000000001,705.9999999999998
624,cv_no624,"[272, 280, 278, 294]",15,5.800000000000001,705.9999999999998
625,cv_no625,"[107, 291, 90, 293]",15,5.800000000000001,705.9999999999998
626,cv_no626,"[281, 289, 275, 313]",15,5.800000000000001,705.9999999999998
627,cv_no627,"[147, 303, 139, 327]",15,5.800000000000001,705.9999999999998
628,cv_no628,"[81, 299, 274, 300]",15,5.800000000000001,705.9999999999998
629,cv_no629,"[242, 231, 294, 309]",15,5.800000000000001,705.9999999999998
630,cv_no630,"[107, 277, 78, 291]",15,5.800000000000001,705.9999999999998
631,cv_no631,"[276, 293, 277, 332]",15,5.800000000000001,705.9999999999998
632,cv_no632,"[134, 294, 110, 316]",15,5.800000000000001,705.9999999999998
633,cv_no633,"[282, 311, 308, 319]",15,5.800000000000001,705.9999999999998
634,cv_no634,"[86, 105, 279, 295]",15,5.800000000000001,705.9999999999998
635,cv_no635,"[275, 289, 281, 315]",15,5.800000000000001,705.9999999999998
636,cv_no636,"[275, 281, 279, 315]",15,5.800000000000001,705.9999999999998
637,cv_no637,"[77, 78, 79, 292]",15,5.800000000000001,705.9999999999998
638,cv_no638,"[114, 138, 158, 286]",15,5.800000000000001,705.9999999999998
639,cv_no639,"[275, 302, 123, 303]",15,5.800000000000001,705.9999999999998
640,cv_no640,"[231, 232, 294, 312]",15,5.800000000000001,705.9999999999998
641,cv_no641,"[142, 258, 268, 284]",15,5.800000000000001,705.9999999999998
642,cv_no642,"[285, 300, 179, 319]",15,5.800000000000001,705.9999999999998
643,cv_no643,"[255, 297, 263, 323]",15,5.800000000000001,705.9999999999998
644,cv_no644,"[81, 292, 274, 299]",15,5.800000000000001,705.9999999999998
645,cv_no645,"[281, 301, 219, 305]",15,5.800000000000001,705.9999999999998
646,cv_no646,"[302, 311, 283, 315]",15,5.800000000000001,705.9999999999998
647,cv_no647,"[135, 128, 286, 314]",15,5.800000000000001,705.9999999999998
648,cv_no648,"[201, 202, 203, 301]",15,5.800000000000001,705.9999999999998
649,cv_no649,"[278, 294, 280, 309]",15,5.800000000000001,705.9999999999998
650,cv_no650,"[197, 296, 303, 313]",15,5.800000000000001,705.9999999999998
651,cv_no651,"[199, 217, 200, 296]",15,5.800000000000001,705.9999999999998
652,cv_no652,"[128, 114, 126, 316]",15,5.800000000000001,705.9999999999998
653,cv_no653,"[212, 208, 296, 309]",15,5.800000000000001,705.9999999999998
654,cv_no654,"[202, 303, 289, 313]",15,5.800000000000001,705.9999999999998
655,cv_no655,"[283, 164, 330, 332]",15,5.800000000000001,705.9999999999998
656,cv_no656,"[197, 303, 198, 313]",15,5.800000000000001,705.9999999999998
657,cv_no657,"[202, 198, 303, 313]",15,5.800000000000001,705.9999999999998
658,cv_no658,"[190, 88, 281, 305]",15,5.800000000000001,705.9999999999998
659,cv_no659,"[285, 308, 272, 311]",15,5.800000000000001,705.9999999999998
660,cv_no660,"[284, 273, 297, 301]",15,5.800000000000001,705.9999999999998
661,cv_no661,"[217, 279, 200, 296]",15,5.800000000000001,705.9999999999998
662,cv_no662,"[287, 295, 272, 312]",15,5.800000000000001,705.9999999999998
663,cv_no663,"[138, 157, 286, 314]",15,5.800000000000001,705.9999999999998
664,cv_no664,"[94, 287, 234, 312]",15,5.800000000000001,705.9999999999998
665,cv_no665,"[282, 272, 290, 316]",15,5.800000000000001,705.9999999999998
666,cv_no666,"[94, 234, 287, 307]",15,5.800000000000001,705.9999999999998
667,cv_no667,"[105, 98, 86, 279]",15,5.800000000000001,705.9999999999998
668,cv_no668,"[100, 287, 87, 312]",15,5.800000000000001,705.9999999999998
669,cv_no669,"[278, 296, 208, 309]",15,5.800000000000001,705.9999999999998
670,cv_no670,"[73, 99, 171, 300]",15,5.800000000000001,705.9999999999998
671,cv_no671,"[282, 286, 272, 316]",15,5.800000000000001,705.9999999999998
672,cv_no672,"[242, 278, 235, 317]",15,5.800000000000001,705.9999999999998
673,cv_no673,"[85, 285, 87, 295]",15,5.800000000000001,705.9999999999998
674,cv_no674,"[283, 304, 164, 332]",15,5.800000000000001,705.9999999999998
675,cv_no675,"[200, 279, 217, 321]",15,5.800000000000001,705.9999999999998
676,cv_no676,"[139, 123, 147, 327]",15,5.800000000000001,705.9999999999998
677,cv_no677,"[287, 308, 174, 318]",15,5.800000000000001,705.9999999999998
678,cv_no678,"[208, 278, 196, 329]",15,5.800000000000001,705.9999999999998
679,cv_no679,"[279, 281, 275, 313]",15,5.800000000000001,705.9999999999998
680,cv_no680,"[98, 106, 299, 322]",15,5.800000000000001,705.9999999999998
681,cv_no681,"[105, 279, 295, 321]",15,5.800000000000001,705.9999999999998
682,cv_no682,"[254, 291, 288, 297]",15,5.800000000000001,705.9999999999998
683,cv_no683,"[274, 283, 311, 315]",15,5.800000000000001,705.9999999999998
684,cv_no684,"[273, 301, 289, 315]",15,5.800000000000001,705.9999999999998
685,cv_no685,"[279, 299, 281, 322]",15,5.800000000000001,705.9999999999998
686,cv_no686,"[77, 292, 79, 305]",15,5.800000000000001,705.9999999999998
687,cv_no687,"[102, 269, 182, 293]",15,5.800000000000001,705.9999999999998
688,cv_no688,"[193, 205, 204, 284]",15,5.800000000000001,705.9999999999998
689,cv_no689,"[81, 300, 292, 324]",15,5.800000000000001,705.9999999999998
690,cv_no690,"[297, 301, 288, 320]",15,5.800000000000001,705.9999999999998
691,cv_no691,"[154, 172, 97, 307]",15,5.800000000000001,705.9999999999998
692,cv_no692,"[288, 297, 273, 301]",15,5.800000000000001,705.9999999999998
693,cv_no693,"[281, 299, 279, 315]",15,5.800000000000001,705.9999999999998
694,cv_no694,"[252, 297, 284, 331]",15,5.800000000000001,705.9999999999998
695,cv_no695,"[87, 287, 100, 295]",15,5.800000000000001,705.9999999999998
696,cv_no696,"[200, 296, 279, 321]",15,5.800000000000001,705.9999999999998
697,cv_no697,"[273, 291, 277, 326]",15,5.800000000000001,705.9999999999998
698,cv_no698,"[90, 74, 107, 293]",15,5.800000000000001,705.9999999999998
699,cv_no699,"[280, 296, 278, 309]",15,5.800000000000001,705.9999999999998
700,cv_no700,"[253, 72, 76, 288]",15,5.800000000000001,705.9999999999998
701,cv_no701,"[292, 299, 281, 315]",15,5.800000000000001,705.9999999999998
702,cv_no702,"[195, 196, 208, 278]",15,5.800000000000001,705.9999999999998
703,cv_no703,"[279, 296, 280, 321]",15,5.800000000000001,705.9999999999998
704,cv_no704,"[240, 236, 294, 314]",15,5.800000000000001,705.9999999999998
705,cv_no705,"[273, 281, 301, 315]",15,5.800000000000001,705.9999999999998
706,cv_no706,"[208, 296, 278, 329]",15,5.800000000000001,705.9999999999998
707,cv_no707,"[252, 258, 117, 331]",15,5.800000000000001,705.9999999999998
708,cv_no708,"[284, 301, 297, 320]",15,5.800000000000001,705.9999999999998
709,cv_no709,"[329, 303, 327, 139]",15,5.800000000000001,705.9999999999998
710,cv_no710,"[323, 276, 291, 297]",15,5.800000000000001,705.9999999999998
711,cv_no711,"[286, 294, 135, 314]",15,5.800000000000001,705.9999999999998
712,cv_no712,"[236, 294, 135, 110]",15,5.800000000000001,705.9999999999998
713,cv_no713,"[236, 135, 294, 314]",15,5.800000000000001,705.9999999999998
714,cv_no714,"[316, 135, 294, 110]",15,5.800000000000001,705.9999999999998
715,cv_no715,"[316, 294, 135, 286]",15,5.800000000000001,705.9999999999998
716,cv_no716,"[327, 290, 329, 139]",15,5.800000000000001,705.9999999999998
717,cv_no717,"[329, 290, 327, 275]",15,5.800000000000001,705.9999999999998
718,cv_no718,"[323, 291, 276, 293]",15,5.800000000000001,705.9999999999998
719,cv_no719,"[327, 303, 329, 275]",15,5.800000000000001,705.9999999999998
720,cv_no720,"[319, 179, 308, 161]",15,5.800000000000001,705.9999999999998
721,cv_no721,"[319, 308, 179, 285]",15,5.800000000000001,705.9999999999998
722,cv_no722,"[308, 154, 179, 285]",15,5.800000000000001,705.9999999999998
723,cv_no723,"[308, 179, 154, 162]",15,5.800000000000001,705.9999999999998
724,cv_no724,"[219, 301, 201, 203]",15,5.800000000000001,705.9999999999998
725,cv_no725,"[201, 301, 219, 281]",15,5.800000000000001,705.9999999999998
726,cv_no726,"[169, 293, 74, 156]",15,5.800000000000001,705.9999999999998
727,cv_no727,"[222, 19, 3, 103]",15,5.800000000000001,705.9999999999998
728,cv_no728,"[99, 11, 10, 171]",15,5.800000000000001,705.9999999999998
729,cv_no729,"[144, 41, 7, 221]",15,5.800000000000001,705.9999999999998
730,cv_no730,"[143, 270, 4, 37]",15,5.800000000000001,705.9999999999998
731,cv_no731,"[5, 30, 145, 183]",15,5.800000000000001,705.9999999999998
732,cv_no732,"[9, 8, 97, 172]",15,5.800000000000001,705.9999999999998
733,cv_no733,"[60, 222, 3, 244]",15,5.800000000000001,705.9999999999998
734,cv_no734,"[132, 235, 51, 50]",15,5.800000000000001,705.9999999999998
735,cv_no735,"[15, 0, 102, 269]",15,5.800000000000001,705.9999999999998
736,cv_no736,"[142, 40, 6, 268]",15,5.800000000000001,705.9999999999998
737,cv_no737,"[2, 267, 220, 64]",15,5.800000000000001,705.9999999999998
738,cv_no738,"[184, 52, 1, 246]",15,5.800000000000001,705.9999999999998
739,cv_no739,"[184, 1, 8, 104]",15,5.800000000000001,705.9999999999998
740,cv_no740,"[26, 1, 246, 104]",15,5.800000000000001,705.9999999999998
741,cv_no741,"[0, 269, 56, 182]",15,5.800000000000001,705.9999999999998
742,cv_no742,"[153, 114, 32, 158]",15,5.800000000000001,705.9999999999998
743,cv_no743,"[116, 317, 41, 144]",15,5.800000000000001,705.9999999999998
744,cv_no744,"[41, 317, 116, 195]",15,5.800000000000001,705.9999999999998
745,cv_no745,"[284, 268, 216, 264]",15,5.800000000000001,705.9999999999998
746,cv_no746,"[216, 268, 284, 223]",15,5.800000000000001,705.9999999999998
747,cv_no747,"[241, 63, 221, 245]",15,5.800000000000001,705.9999999999998
748,cv_no748,"[241, 221, 63, 215]",15,5.800000000000001,705.9999999999998
749,cv_no749,"[306, 270, 178, 185]",15,5.800000000000001,705.9999999999998
750,cv_no750,"[178, 270, 306, 262]",15,5.800000000000001,705.9999999999998
751,cv_no751,"[230, 312, 28, 228]",15,5.800000000000001,705.9999999999998
752,cv_no752,"[28, 312, 230, 91]",15,5.800000000000001,705.9999999999998
753,cv_no753,"[47, 205, 142, 223]",15,5.800000000000001,705.9999999999998
754,cv_no754,"[142, 205, 47, 133]",15,5.800000000000001,705.9999999999998
755,cv_no755,"[319, 283, 311, 274]",15,5.800000000000001,705.9999999999998
756,cv_no756,"[319, 311, 283, 282]",15,5.800000000000001,705.9999999999998
757,cv_no757,"[32, 114, 153, 140]",15,5.800000000000001,705.9999999999998
758,cv_no758,"[74, 277, 107, 293]",15,5.800000000000001,705.9999999999998
759,cv_no759,"[329, 197, 208, 296]",15,5.800000000000001,705.9999999999998
760,cv_no760,"[329, 208, 197, 196]",15,5.800000000000001,705.9999999999998
761,cv_no761,"[278, 116, 132, 317]",15,5.800000000000001,705.9999999999998
762,cv_no762,"[278, 132, 116, 134]",15,5.800000000000001,705.9999999999998
763,cv_no763,"[289, 303, 123, 302]",15,5.800000000000001,705.9999999999998
764,cv_no764,"[123, 303, 289, 147]",15,5.800000000000001,705.9999999999998
765,cv_no765,"[296, 313, 217, 279]",15,5.800000000000001,705.9999999999998
766,cv_no766,"[217, 313, 296, 199]",15,5.800000000000001,705.9999999999998
767,cv_no767,"[324, 107, 74, 277]",15,5.800000000000001,705.9999999999998
768,cv_no768,"[74, 107, 324, 95]",15,5.800000000000001,705.9999999999998
769,cv_no769,"[74, 169, 324, 277]",15,5.800000000000001,705.9999999999998
770,cv_no770,"[324, 169, 74, 95]",15,5.800000000000001,705.9999999999998
771,cv_no771,"[252, 39, 117, 258]",15,5.800000000000001,705.9999999999998
772,cv_no772,"[252, 117, 39, 113]",15,5.800000000000001,705.9999999999998
773,cv_no773,"[74, 293, 169, 277]",15,5.800000000000001,705.9999999999998
774,cv_no774,"[196, 278, 116, 329]",15,5.800000000000001,705.9999999999998
775,cv_no775,"[231, 294, 280, 312]",15,5.800000000000001,705.9999999999998
776,cv_no776,"[255, 266, 293, 323]",15,5.800000000000001,705.9999999999998
777,cv_no777,"[78, 291, 277, 292]",15,5.800000000000001,705.9999999999998
778,cv_no778,"[132, 110, 134, 294]",15,5.800000000000001,705.9999999999998
779,cv_no779,"[153, 140, 282, 325]",15,5.800000000000001,705.9999999999998
780,cv_no780,"[82, 281, 299, 322]",15,5.800000000000001,705.9999999999998
781,cv_no781,"[285, 174, 287, 308]",15,5.800000000000001,705.9999999999998
782,cv_no782,"[200, 280, 212, 296]",15,5.800000000000001,705.9999999999998
783,cv_no783,"[212, 296, 280, 309]",15,5.800000000000001,705.9999999999998
784,cv_no784,"[201, 202, 301, 313]",15,5.800000000000001,705.9999999999998
785,cv_no785,"[216, 205, 223, 284]",15,5.800000000000001,705.9999999999998
786,cv_no786,"[229, 132, 235, 294]",15,5.800000000000001,705.9999999999998
787,cv_no787,"[281, 292, 82, 299]",15,5.800000000000001,705.9999999999998
788,cv_no788,"[223, 205, 142, 284]",15,5.800000000000001,705.9999999999998
789,cv_no789,"[289, 301, 202, 313]",15,5.800000000000001,705.9999999999998
790,cv_no790,"[272, 280, 294, 312]",15,5.800000000000001,705.9999999999998
791,cv_no791,"[258, 284, 117, 331]",15,5.800000000000001,705.9999999999998
792,cv_no792,"[275, 303, 123, 327]",15,5.800000000000001,705.9999999999998
793,cv_no793,"[153, 114, 158, 282]",15,5.800000000000001,705.9999999999998
794,cv_no794,"[97, 73, 154, 285]",15,5.800000000000001,705.9999999999998
795,cv_no795,"[140, 114, 153, 282]",15,5.800000000000001,705.9999999999998
796,cv_no796,"[154, 285, 174, 307]",15,5.800000000000001,705.9999999999998
797,cv_no797,"[272, 294, 287, 312]",15,5.800000000000001,705.9999999999998
798,cv_no798,"[200, 212, 280, 321]",15,5.800000000000001,705.9999999999998
799,cv_no799,"[87, 287, 285, 307]",15,5.800000000000001,705.9999999999998
800,cv_no800,"[299, 311, 279, 315]",15,5.800000000000001,705.9999999999998
801,cv_no801,"[159, 282, 158, 308]",15,5.800000000000001,705.9999999999998
802,cv_no802,"[195, 116, 196, 278]",15,5.800000000000001,705.9999999999998
803,cv_no803,"[273, 292, 288, 305]",15,5.800000000000001,705.9999999999998
804,cv_no804,"[272, 296, 279, 311]",15,5.800000000000001,705.9999999999998
805,cv_no805,"[201, 301, 281, 313]",15,5.800000000000001,705.9999999999998
806,cv_no806,"[133, 205, 193, 284]",15,5.800000000000001,705.9999999999998
807,cv_no807,"[77, 288, 291, 292]",15,5.800000000000001,705.9999999999998
808,cv_no808,"[133, 193, 111, 284]",15,5.800000000000001,705.9999999999998
809,cv_no809,"[132, 278, 235, 294]",15,5.800000000000001,705.9999999999998
810,cv_no810,"[223, 142, 268, 284]",15,5.800000000000001,705.9999999999998
811,cv_no811,"[255, 293, 291, 323]",15,5.800000000000001,705.9999999999998
812,cv_no812,"[132, 134, 278, 294]",15,5.800000000000001,705.9999999999998
813,cv_no813,"[255, 291, 297, 323]",15,5.800000000000001,705.9999999999998
814,cv_no814,"[200, 280, 296, 321]",15,5.800000000000001,705.9999999999998
815,cv_no815,"[288, 292, 77, 305]",15,5.800000000000001,705.9999999999998
816,cv_no816,"[133, 111, 149, 284]",15,5.800000000000001,705.9999999999998
817,cv_no817,"[158, 282, 114, 286]",15,5.800000000000001,705.9999999999998
818,cv_no818,"[276, 291, 277, 293]",15,5.800000000000001,705.9999999999998
819,cv_no819,"[114, 286, 282, 316]",15,5.800000000000001,705.9999999999998
820,cv_no820,"[193, 111, 284, 289]",15,5.800000000000001,705.9999999999998
821,cv_no821,"[280, 294, 231, 309]",15,5.800000000000001,705.9999999999998
822,cv_no822,"[234, 228, 69, 312]",15,5.800000000000001,705.9999999999998
823,cv_no823,"[285, 287, 174, 307]",15,5.800000000000001,705.9999999999998
824,cv_no824,"[158, 282, 286, 308]",15,5.800000000000001,705.9999999999998
825,cv_no825,"[154, 97, 285, 307]",15,5.800000000000001,705.9999999999998
826,cv_no826,"[277, 291, 276, 326]",15,5.800000000000001,705.9999999999998
827,cv_no827,"[107, 277, 291, 293]",15,5.800000000000001,705.9999999999998
828,cv_no828,"[291, 297, 276, 326]",15,5.800000000000001,705.9999999999998
829,cv_no829,"[87, 285, 97, 307]",15,5.800000000000001,705.9999999999998
830,cv_no830,"[273, 291, 288, 292]",15,5.800000000000001,705.9999999999998
831,cv_no831,"[77, 291, 78, 292]",15,5.800000000000001,705.9999999999998
832,cv_no832,"[235, 278, 132, 317]",15,5.800000000000001,705.9999999999998
833,cv_no833,"[272, 278, 280, 296]",15,5.800000000000001,705.9999999999998
834,cv_no834,"[272, 280, 279, 296]",15,5.800000000000001,705.9999999999998
835,cv_no835,"[114, 282, 126, 316]",15,5.800000000000001,705.9999999999998
836,cv_no836,"[134, 278, 294, 316]",15,5.800000000000001,705.9999999999998
837,cv_no837,"[149, 284, 111, 289]",15,5.800000000000001,705.9999999999998
838,cv_no838,"[289, 302, 275, 303]",15,5.800000000000001,705.9999999999998
839,cv_no839,"[92, 108, 305, 328]",15,5.800000000000001,705.9999999999998
840,cv_no840,"[214, 301, 288, 305]",15,5.800000000000001,705.9999999999998
841,cv_no841,"[276, 297, 263, 331]",15,5.800000000000001,705.9999999999998
842,cv_no842,"[274, 300, 285, 319]",15,5.800000000000001,705.9999999999998
843,cv_no843,"[161, 179, 180, 300]",15,5.800000000000001,705.9999999999998
844,cv_no844,"[121, 298, 120, 302]",15,5.800000000000001,705.9999999999998
845,cv_no845,"[277, 326, 276, 332]",15,5.800000000000001,705.9999999999998
846,cv_no846,"[81, 292, 80, 324]",15,5.800000000000001,705.9999999999998
847,cv_no847,"[93, 295, 280, 321]",15,5.800000000000001,705.9999999999998
848,cv_no848,"[72, 251, 257, 291]",15,5.800000000000001,705.9999999999998
849,cv_no849,"[274, 283, 315, 326]",15,5.800000000000001,705.9999999999998
850,cv_no850,"[76, 72, 77, 288]",15,5.800000000000001,705.9999999999998
851,cv_no851,"[209, 89, 321, 322]",15,5.800000000000001,705.9999999999998
852,cv_no852,"[75, 93, 310, 321]",15,5.800000000000001,705.9999999999998
853,cv_no853,"[148, 330, 306, 331]",15,5.800000000000001,705.9999999999998
854,cv_no854,"[88, 281, 106, 322]",15,5.800000000000001,705.9999999999998
855,cv_no855,"[287, 294, 286, 318]",15,5.800000000000001,705.9999999999998
856,cv_no856,"[109, 283, 325, 330]",15,5.800000000000001,705.9999999999998
857,cv_no857,"[263, 306, 276, 331]",15,5.800000000000001,705.9999999999998
858,cv_no858,"[179, 161, 162, 308]",15,5.800000000000001,705.9999999999998
859,cv_no859,"[69, 87, 94, 312]",15,5.800000000000001,705.9999999999998
860,cv_no860,"[208, 195, 278, 317]",15,5.800000000000001,705.9999999999998
861,cv_no861,"[274, 299, 292, 315]",15,5.800000000000001,705.9999999999998
862,cv_no862,"[164, 304, 283, 325]",15,5.800000000000001,705.9999999999998
863,cv_no863,"[276, 306, 263, 323]",15,5.800000000000001,705.9999999999998
864,cv_no864,"[225, 278, 208, 309]",15,5.800000000000001,705.9999999999998
865,cv_no865,"[176, 277, 293, 332]",15,5.800000000000001,705.9999999999998
866,cv_no866,"[240, 286, 294, 318]",15,5.800000000000001,705.9999999999998
867,cv_no867,"[126, 114, 125, 282]",15,5.800000000000001,705.9999999999998
868,cv_no868,"[168, 164, 283, 325]",15,5.800000000000001,705.9999999999998
869,cv_no869,"[194, 92, 305, 328]",15,5.800000000000001,705.9999999999998
870,cv_no870,"[206, 129, 289, 303]",15,5.800000000000001,705.9999999999998
871,cv_no871,"[180, 300, 304, 319]",15,5.800000000000001,705.9999999999998
872,cv_no872,"[186, 323, 276, 332]",15,5.800000000000001,705.9999999999998
873,cv_no873,"[252, 265, 284, 297]",15,5.800000000000001,705.9999999999998
874,cv_no874,"[176, 277, 169, 293]",15,5.800000000000001,705.9999999999998
875,cv_no875,"[273, 289, 298, 302]",15,5.800000000000001,705.9999999999998
876,cv_no876,"[273, 289, 284, 298]",15,5.800000000000001,705.9999999999998
877,cv_no877,"[281, 273, 301, 305]",15,5.800000000000001,705.9999999999998
878,cv_no878,"[224, 284, 216, 320]",15,5.800000000000001,705.9999999999998
879,cv_no879,"[243, 232, 287, 318]",15,5.800000000000001,705.9999999999998
880,cv_no880,"[224, 205, 216, 284]",15,5.800000000000001,705.9999999999998
881,cv_no881,"[263, 297, 276, 323]",15,5.800000000000001,705.9999999999998
882,cv_no882,"[90, 257, 102, 293]",15,5.800000000000001,705.9999999999998
883,cv_no883,"[255, 254, 256, 297]",15,5.800000000000001,705.9999999999998
884,cv_no884,"[93, 91, 280, 312]",15,5.800000000000001,705.9999999999998
885,cv_no885,"[106, 88, 96, 281]",15,5.800000000000001,705.9999999999998
886,cv_no886,"[147, 123, 137, 289]",15,5.800000000000001,705.9999999999998
887,cv_no887,"[275, 303, 296, 313]",15,5.800000000000001,705.9999999999998
888,cv_no888,"[95, 80, 107, 324]",15,5.800000000000001,705.9999999999998
889,cv_no889,"[82, 292, 81, 299]",15,5.800000000000001,705.9999999999998
890,cv_no890,"[269, 260, 175, 293]",15,5.800000000000001,705.9999999999998
891,cv_no891,"[282, 272, 308, 311]",15,5.800000000000001,705.9999999999998
892,cv_no892,"[137, 289, 123, 302]",15,5.800000000000001,705.9999999999998
893,cv_no893,"[254, 251, 253, 288]",15,5.800000000000001,705.9999999999998
894,cv_no894,"[164, 319, 304, 325]",15,5.800000000000001,705.9999999999998
895,cv_no895,"[285, 295, 85, 299]",15,5.800000000000001,705.9999999999998
896,cv_no896,"[240, 287, 232, 318]",15,5.800000000000001,705.9999999999998
897,cv_no897,"[290, 311, 282, 327]",15,5.800000000000001,705.9999999999998
898,cv_no898,"[87, 94, 287, 307]",15,5.800000000000001,705.9999999999998
899,cv_no899,"[208, 225, 195, 317]",15,5.800000000000001,705.9999999999998
900,cv_no900,"[90, 291, 257, 293]",15,5.800000000000001,705.9999999999998
901,cv_no901,"[73, 171, 154, 285]",15,5.800000000000001,705.9999999999998
902,cv_no902,"[231, 280, 230, 312]",15,5.800000000000001,705.9999999999998
903,cv_no903,"[255, 266, 257, 293]",15,5.800000000000001,705.9999999999998
904,cv_no904,"[70, 190, 207, 305]",15,5.800000000000001,705.9999999999998
905,cv_no905,"[209, 71, 89, 322]",15,5.800000000000001,705.9999999999998
906,cv_no906,"[146, 116, 134, 278]",15,5.800000000000001,705.9999999999998
907,cv_no907,"[282, 283, 325, 327]",15,5.800000000000001,705.9999999999998
908,cv_no908,"[202, 206, 289, 303]",15,5.800000000000001,705.9999999999998
909,cv_no909,"[286, 308, 287, 318]",15,5.800000000000001,705.9999999999998
910,cv_no910,"[284, 289, 273, 301]",15,5.800000000000001,705.9999999999998
911,cv_no911,"[274, 299, 285, 300]",15,5.800000000000001,705.9999999999998
912,cv_no912,"[166, 155, 164, 330]",15,5.800000000000001,705.9999999999998
913,cv_no913,"[224, 301, 284, 320]",15,5.800000000000001,705.9999999999998
914,cv_no914,"[288, 305, 108, 328]",15,5.800000000000001,705.9999999999998
915,cv_no915,"[248, 280, 309, 310]",15,5.800000000000001,705.9999999999998
916,cv_no916,"[126, 290, 127, 316]",15,5.800000000000001,705.9999999999998
917,cv_no917,"[224, 204, 205, 284]",15,5.800000000000001,705.9999999999998
918,cv_no918,"[156, 176, 169, 293]",15,5.800000000000001,705.9999999999998
919,cv_no919,"[242, 309, 278, 317]",15,5.800000000000001,705.9999999999998
920,cv_no920,"[211, 238, 309, 310]",15,5.800000000000001,705.9999999999998
921,cv_no921,"[126, 290, 316, 327]",15,5.800000000000001,705.9999999999998
922,cv_no922,"[302, 315, 283, 326]",15,5.800000000000001,705.9999999999998
923,cv_no923,"[260, 249, 150, 293]",15,5.800000000000001,705.9999999999998
924,cv_no924,"[240, 233, 232, 294]",15,5.800000000000001,705.9999999999998
925,cv_no925,"[73, 285, 84, 300]",15,5.800000000000001,705.9999999999998
926,cv_no926,"[224, 204, 284, 301]",15,5.800000000000001,705.9999999999998
927,cv_no927,"[146, 134, 127, 290]",15,5.800000000000001,705.9999999999998
928,cv_no928,"[306, 330, 276, 331]",15,5.800000000000001,705.9999999999998
929,cv_no929,"[134, 127, 290, 316]",15,5.800000000000001,705.9999999999998
930,cv_no930,"[214, 203, 301, 305]",15,5.800000000000001,705.9999999999998
931,cv_no931,"[189, 211, 238, 309]",15,5.800000000000001,705.9999999999998
932,cv_no932,"[163, 304, 180, 324]",15,5.800000000000001,705.9999999999998
933,cv_no933,"[209, 192, 217, 321]",15,5.800000000000001,705.9999999999998
934,cv_no934,"[275, 296, 279, 313]",15,5.800000000000001,705.9999999999998
935,cv_no935,"[288, 301, 273, 305]",15,5.800000000000001,705.9999999999998
936,cv_no936,"[130, 116, 146, 329]",15,5.800000000000001,705.9999999999998
937,cv_no937,"[72, 257, 90, 291]",15,5.800000000000001,705.9999999999998
938,cv_no938,"[280, 310, 230, 312]",15,5.800000000000001,705.9999999999998
939,cv_no939,"[271, 254, 288, 320]",15,5.800000000000001,705.9999999999998
940,cv_no940,"[166, 186, 167, 306]",15,5.800000000000001,705.9999999999998
941,cv_no941,"[137, 120, 298, 302]",15,5.800000000000001,705.9999999999998
942,cv_no942,"[180, 304, 163, 319]",15,5.800000000000001,705.9999999999998
943,cv_no943,"[69, 94, 234, 312]",15,5.800000000000001,705.9999999999998
944,cv_no944,"[212, 310, 280, 321]",15,5.800000000000001,705.9999999999998
945,cv_no945,"[166, 276, 330, 332]",15,5.800000000000001,705.9999999999998
946,cv_no946,"[93, 280, 295, 312]",15,5.800000000000001,705.9999999999998
947,cv_no947,"[82, 106, 96, 281]",15,5.800000000000001,705.9999999999998
948,cv_no948,"[164, 160, 319, 325]",15,5.800000000000001,705.9999999999998
949,cv_no949,"[180, 304, 300, 324]",15,5.800000000000001,705.9999999999998
950,cv_no950,"[122, 283, 302, 327]",15,5.800000000000001,705.9999999999998
951,cv_no951,"[117, 284, 118, 331]",15,5.800000000000001,705.9999999999998
952,cv_no952,"[147, 289, 129, 303]",15,5.800000000000001,705.9999999999998
953,cv_no953,"[219, 281, 190, 322]",15,5.800000000000001,705.9999999999998
954,cv_no954,"[218, 313, 281, 322]",15,5.800000000000001,705.9999999999998
955,cv_no955,"[84, 285, 85, 299]",15,5.800000000000001,705.9999999999998
956,cv_no956,"[275, 302, 289, 315]",15,5.800000000000001,705.9999999999998
957,cv_no957,"[273, 315, 302, 326]",15,5.800000000000001,705.9999999999998
958,cv_no958,"[279, 321, 98, 322]",15,5.800000000000001,705.9999999999998
959,cv_no959,"[252, 265, 258, 284]",15,5.800000000000001,705.9999999999998
960,cv_no960,"[150, 175, 260, 293]",15,5.800000000000001,705.9999999999998
961,cv_no961,"[168, 136, 109, 330]",15,5.800000000000001,705.9999999999998
962,cv_no962,"[273, 302, 298, 326]",15,5.800000000000001,705.9999999999998
963,cv_no963,"[180, 161, 300, 319]",15,5.800000000000001,705.9999999999998
964,cv_no964,"[229, 240, 236, 294]",15,5.800000000000001,705.9999999999998
965,cv_no965,"[240, 314, 286, 318]",15,5.800000000000001,705.9999999999998
966,cv_no966,"[289, 303, 275, 313]",15,5.800000000000001,705.9999999999998
967,cv_no967,"[276, 323, 293, 332]",15,5.800000000000001,705.9999999999998
968,cv_no968,"[288, 291, 273, 297]",15,5.800000000000001,705.9999999999998
969,cv_no969,"[283, 311, 302, 327]",15,5.800000000000001,705.9999999999998
970,cv_no970,"[280, 310, 93, 321]",15,5.800000000000001,705.9999999999998
971,cv_no971,"[128, 110, 135, 316]",15,5.800000000000001,705.9999999999998
972,cv_no972,"[282, 272, 286, 308]",15,5.800000000000001,705.9999999999998
973,cv_no973,"[87, 287, 94, 312]",15,5.800000000000001,705.9999999999998
974,cv_no974,"[166, 276, 306, 330]",15,5.800000000000001,705.9999999999998
975,cv_no975,"[279, 299, 272, 311]",15,5.800000000000001,705.9999999999998
976,cv_no976,"[216, 284, 264, 320]",15,5.800000000000001,705.9999999999998
977,cv_no977,"[154, 174, 285, 308]",15,5.800000000000001,705.9999999999998
978,cv_no978,"[72, 77, 288, 291]",15,5.800000000000001,705.9999999999998
979,cv_no979,"[156, 102, 182, 293]",15,5.800000000000001,705.9999999999998
980,cv_no980,"[129, 111, 193, 289]",15,5.800000000000001,705.9999999999998
981,cv_no981,"[146, 278, 134, 290]",15,5.800000000000001,705.9999999999998
982,cv_no982,"[284, 298, 118, 331]",15,5.800000000000001,705.9999999999998
983,cv_no983,"[98, 106, 82, 299]",15,5.800000000000001,705.9999999999998
984,cv_no984,"[96, 82, 281, 292]",15,5.800000000000001,705.9999999999998
985,cv_no985,"[279, 313, 217, 322]",15,5.800000000000001,705.9999999999998
986,cv_no986,"[153, 282, 159, 325]",15,5.800000000000001,705.9999999999998
987,cv_no987,"[96, 292, 281, 305]",15,5.800000000000001,705.9999999999998
988,cv_no988,"[171, 179, 285, 300]",15,5.800000000000001,705.9999999999998
989,cv_no989,"[134, 290, 278, 316]",15,5.800000000000001,705.9999999999998
990,cv_no990,"[240, 232, 287, 294]",15,5.800000000000001,705.9999999999998
991,cv_no991,"[166, 330, 164, 332]",15,5.800000000000001,705.9999999999998
992,cv_no992,"[154, 162, 174, 308]",15,5.800000000000001,705.9999999999998
993,cv_no993,"[206, 129, 193, 289]",15,5.800000000000001,705.9999999999998
994,cv_no994,"[91, 310, 280, 312]",15,5.800000000000001,705.9999999999998
995,cv_no995,"[201, 219, 218, 281]",15,5.800000000000001,705.9999999999998
996,cv_no996,"[200, 212, 208, 296]",15,5.800000000000001,705.9999999999998
997,cv_no997,"[121, 298, 283, 330]",15,5.800000000000001,705.9999999999998
998,cv_no998,"[166, 276, 186, 306]",15,5.800000000000001,705.9999999999998
999,cv_no999,"[272, 287, 286, 308]",15,5.800000000000001,705.9999999999998
1000,cv_no1000,"[168, 164, 155, 330]",15,5.800000000000001,705.9999999999998
1001,cv_no1001,"[282, 290, 272, 311]",15,5.800000000000001,705.9999999999998
1002,cv_no1002,"[190, 281, 88, 322]",15,5.800000000000001,705.9999999999998
1003,cv_no1003,"[275, 296, 290, 311]",15,5.800000000000001,705.9999999999998
1004,cv_no1004,"[86, 279, 98, 299]",15,5.800000000000001,705.9999999999998
1005,cv_no1005,"[196, 116, 130, 329]",15,5.800000000000001,705.9999999999998
1006,cv_no1006,"[149, 118, 284, 298]",15,5.800000000000001,705.9999999999998
1007,cv_no1007,"[116, 278, 146, 329]",15,5.800000000000001,705.9999999999998
1008,cv_no1008,"[269, 102, 257, 293]",15,5.800000000000001,705.9999999999998
1009,cv_no1009,"[73, 171, 285, 300]",15,5.800000000000001,705.9999999999998
1010,cv_no1010,"[82, 106, 281, 322]",15,5.800000000000001,705.9999999999998
1011,cv_no1011,"[168, 325, 283, 330]",15,5.800000000000001,705.9999999999998
1012,cv_no1012,"[219, 190, 281, 305]",15,5.800000000000001,705.9999999999998
1013,cv_no1013,"[168, 283, 164, 330]",15,5.800000000000001,705.9999999999998
1014,cv_no1014,"[78, 107, 80, 277]",15,5.800000000000001,705.9999999999998
1015,cv_no1015,"[277, 274, 304, 324]",15,5.800000000000001,705.9999999999998
1016,cv_no1016,"[96, 79, 292, 305]",15,5.800000000000001,705.9999999999998
1017,cv_no1017,"[85, 87, 100, 295]",15,5.800000000000001,705.9999999999998
1018,cv_no1018,"[286, 287, 272, 294]",15,5.800000000000001,705.9999999999998
1019,cv_no1019,"[273, 281, 292, 305]",15,5.800000000000001,705.9999999999998
1020,cv_no1020,"[170, 159, 158, 308]",15,5.800000000000001,705.9999999999998
1021,cv_no1021,"[231, 248, 280, 309]",15,5.800000000000001,705.9999999999998
1022,cv_no1022,"[240, 294, 287, 318]",15,5.800000000000001,705.9999999999998
1023,cv_no1023,"[272, 299, 285, 311]",15,5.800000000000001,705.9999999999998
1024,cv_no1024,"[174, 307, 287, 318]",15,5.800000000000001,705.9999999999998
1025,cv_no1025,"[122, 325, 283, 327]",15,5.800000000000001,705.9999999999998
1026,cv_no1026,"[283, 282, 311, 327]",15,5.800000000000001,705.9999999999998
1027,cv_no1027,"[255, 263, 266, 323]",15,5.800000000000001,705.9999999999998
1028,cv_no1028,"[98, 299, 279, 322]",15,5.800000000000001,705.9999999999998
1029,cv_no1029,"[149, 137, 118, 298]",15,5.800000000000001,705.9999999999998
1030,cv_no1030,"[278, 272, 290, 296]",15,5.800000000000001,705.9999999999998
1031,cv_no1031,"[230, 280, 248, 310]",15,5.800000000000001,705.9999999999998
1032,cv_no1032,"[242, 229, 235, 294]",15,5.800000000000001,705.9999999999998
1033,cv_no1033,"[122, 125, 325, 327]",15,5.800000000000001,705.9999999999998
1034,cv_no1034,"[105, 98, 279, 321]",15,5.800000000000001,705.9999999999998
1035,cv_no1035,"[272, 294, 278, 316]",15,5.800000000000001,705.9999999999998
1036,cv_no1036,"[279, 295, 272, 299]",15,5.800000000000001,705.9999999999998
1037,cv_no1037,"[208, 278, 225, 317]",15,5.800000000000001,705.9999999999998
1038,cv_no1038,"[277, 292, 274, 324]",15,5.800000000000001,705.9999999999998
1039,cv_no1039,"[248, 230, 231, 280]",15,5.800000000000001,705.9999999999998
1040,cv_no1040,"[186, 306, 276, 323]",15,5.800000000000001,705.9999999999998
1041,cv_no1041,"[80, 292, 277, 324]",15,5.800000000000001,705.9999999999998
1042,cv_no1042,"[91, 93, 280, 310]",15,5.800000000000001,705.9999999999998
1043,cv_no1043,"[278, 290, 146, 329]",15,5.800000000000001,705.9999999999998
1044,cv_no1044,"[70, 88, 190, 305]",15,5.800000000000001,705.9999999999998
1045,cv_no1045,"[272, 278, 290, 316]",15,5.800000000000001,705.9999999999998
1046,cv_no1046,"[258, 142, 117, 284]",15,5.800000000000001,705.9999999999998
1047,cv_no1047,"[199, 217, 313, 322]",15,5.800000000000001,705.9999999999998
1048,cv_no1048,"[158, 157, 170, 286]",15,5.800000000000001,705.9999999999998
1049,cv_no1049,"[242, 231, 233, 294]",15,5.800000000000001,705.9999999999998
1050,cv_no1050,"[218, 281, 219, 322]",15,5.800000000000001,705.9999999999998
1051,cv_no1051,"[272, 295, 285, 299]",15,5.800000000000001,705.9999999999998
1052,cv_no1052,"[114, 128, 138, 286]",15,5.800000000000001,705.9999999999998
1053,cv_no1053,"[254, 265, 297, 320]",15,5.800000000000001,705.9999999999998
1054,cv_no1054,"[96, 281, 88, 305]",15,5.800000000000001,705.9999999999998
1055,cv_no1055,"[242, 294, 278, 309]",15,5.800000000000001,705.9999999999998
1056,cv_no1056,"[171, 179, 154, 285]",15,5.800000000000001,705.9999999999998
1057,cv_no1057,"[201, 281, 218, 313]",15,5.800000000000001,705.9999999999998
1058,cv_no1058,"[84, 285, 299, 300]",15,5.800000000000001,705.9999999999998
1059,cv_no1059,"[81, 84, 299, 300]",15,5.800000000000001,705.9999999999998
1060,cv_no1060,"[282, 316, 290, 327]",15,5.800000000000001,705.9999999999998
1061,cv_no1061,"[109, 325, 168, 330]",15,5.800000000000001,705.9999999999998
1062,cv_no1062,"[194, 305, 214, 328]",15,5.800000000000001,705.9999999999998
1063,cv_no1063,"[269, 175, 182, 293]",15,5.800000000000001,705.9999999999998
1064,cv_no1064,"[137, 298, 289, 302]",15,5.800000000000001,705.9999999999998
1065,cv_no1065,"[186, 276, 166, 332]",15,5.800000000000001,705.9999999999998
1066,cv_no1066,"[209, 321, 217, 322]",15,5.800000000000001,705.9999999999998
1067,cv_no1067,"[96, 77, 79, 305]",15,5.800000000000001,705.9999999999998
1068,cv_no1068,"[272, 285, 287, 308]",15,5.800000000000001,705.9999999999998
1069,cv_no1069,"[121, 283, 298, 302]",15,5.800000000000001,705.9999999999998
1070,cv_no1070,"[80, 79, 78, 292]",15,5.800000000000001,705.9999999999998
1071,cv_no1071,"[166, 306, 167, 330]",15,5.800000000000001,705.9999999999998
1072,cv_no1072,"[126, 316, 282, 327]",15,5.800000000000001,705.9999999999998
1073,cv_no1073,"[133, 117, 142, 284]",15,5.800000000000001,705.9999999999998
1074,cv_no1074,"[156, 74, 102, 293]",15,5.800000000000001,705.9999999999998
1075,cv_no1075,"[255, 291, 254, 297]",15,5.800000000000001,705.9999999999998
1076,cv_no1076,"[140, 125, 114, 282]",15,5.800000000000001,705.9999999999998
1077,cv_no1077,"[274, 277, 304, 326]",15,5.800000000000001,705.9999999999998
1078,cv_no1078,"[168, 155, 136, 330]",15,5.800000000000001,705.9999999999998
1079,cv_no1079,"[80, 277, 107, 324]",15,5.800000000000001,705.9999999999998
1080,cv_no1080,"[214, 305, 288, 328]",15,5.800000000000001,705.9999999999998
1081,cv_no1081,"[107, 78, 90, 291]",15,5.800000000000001,705.9999999999998
1082,cv_no1082,"[217, 321, 279, 322]",15,5.800000000000001,705.9999999999998
1083,cv_no1083,"[204, 289, 284, 301]",15,5.800000000000001,705.9999999999998
1084,cv_no1084,"[273, 289, 302, 315]",15,5.800000000000001,705.9999999999998
1085,cv_no1085,"[203, 219, 301, 305]",15,5.800000000000001,705.9999999999998
1086,cv_no1086,"[274, 292, 277, 326]",15,5.800000000000001,705.9999999999998
1087,cv_no1087,"[272, 287, 285, 295]",15,5.800000000000001,705.9999999999998
1088,cv_no1088,"[125, 282, 140, 325]",15,5.800000000000001,705.9999999999998
1089,cv_no1089,"[102, 74, 90, 293]",15,5.800000000000001,705.9999999999998
1090,cv_no1090,"[274, 285, 299, 311]",15,5.800000000000001,705.9999999999998
1091,cv_no1091,"[113, 117, 118, 331]",15,5.800000000000001,705.9999999999998
1092,cv_no1092,"[197, 303, 296, 329]",15,5.800000000000001,705.9999999999998
1093,cv_no1093,"[254, 251, 288, 291]",15,5.800000000000001,705.9999999999998
1094,cv_no1094,"[172, 154, 174, 307]",15,5.800000000000001,705.9999999999998
1095,cv_no1095,"[253, 261, 271, 357, 365, 375]",34,0.4292484908318511,52.424484354366626
1096,cv_no1096,"[38, 252, 259, 342, 356, 363]",34,0.7218038254662629,88.1545169366737
1097,cv_no1097,"[64, 261, 267, 349, 365, 371]",34,0.34477477568637205,42.10763746361269
1098,cv_no1098,"[59, 262, 270, 348, 366, 374]",34,0.35928519759475436,43.87980766935304
1099,cv_no1099,"[67, 264, 268, 352, 368, 372]",34,0.35795800815887713,43.71771689139463
1100,cv_no1100,"[56, 260, 269, 345, 364, 373]",34,0.3492467914891106,42.653808568440105
1101,cv_no1101,"[4, 37, 270, 335, 341, 374]",34,0.4345326056959596,53.06983781031769
1102,cv_no1102,"[4, 59, 270, 335, 348, 374]",34,0.40562242312999025,49.53901255179569
1103,cv_no1103,"[6, 67, 268, 336, 352, 372]",34,0.4047832430241948,49.436522769614974
1104,cv_no1104,"[2, 18, 267, 334, 340, 371]",34,0.4540188472654089,55.44970911587149
1105,cv_no1105,"[0, 56, 269, 333, 345, 373]",34,0.40892470155624566,49.94232263299249
1106,cv_no1106,"[2, 64, 267, 334, 349, 371]",34,0.40324918432986034,49.24916687265192
1107,cv_no1107,"[6, 40, 268, 336, 344, 372]",34,0.43382412917736213,52.98331096873766
1108,cv_no1108,"[0, 15, 269, 333, 337, 373]",34,0.4537382270855888,55.41543673392796
1109,cv_no1109,"[39, 252, 258, 343, 356, 362]",34,0.7172037747654565,87.59270882052529
1110,cv_no1110,"[38, 39, 252, 342, 343, 356]",34,0.7386619423457811,90.21341313193261
1111,cv_no1111,"[259, 262, 263, 363, 366, 367]",34,0.5657664320360604,69.0975369698363
1112,cv_no1112,"[18, 253, 267, 340, 357, 371]",34,0.4482338614618711,54.74318386482154
1113,cv_no1113,"[40, 258, 268, 344, 362, 372]",34,0.3864738580054117,47.20038195850774
1114,cv_no1114,"[250, 265, 271, 354, 369, 375]",34,0.45141598810757677,55.13181970656471
1115,cv_no1115,"[15, 16, 257, 337, 338, 361]",34,0.6524547160719585,79.68485104830796
1116,cv_no1116,"[249, 263, 266, 353, 367, 370]",34,0.45751604015445785,55.876824266680515
1117,cv_no1117,"[249, 262, 263, 353, 366, 367]",34,0.5562958863269144,67.940891143559
1118,cv_no1118,"[17, 18, 253, 339, 340, 357]",34,0.6478970856302764,79.12822375459301
1119,cv_no1119,"[37, 259, 270, 341, 363, 374]",34,0.3896734123017007,47.591146254083334
1120,cv_no1120,"[255, 263, 266, 359, 367, 370]",34,0.46564435880660204,56.86954275750347
1121,cv_no1121,"[258, 264, 268, 362, 368, 372]",34,0.3907643470949951,47.72438305100681
1122,cv_no1122,"[252, 258, 265, 356, 362, 369]",34,0.7652940224736222,93.46601179635807
1123,cv_no1123,"[16, 251, 257, 338, 355, 361]",34,0.6581146466771435,80.37610320130526
1124,cv_no1124,"[255, 256, 263, 359, 360, 367]",34,0.5195162728204659,63.44896557128313
1125,cv_no1125,"[255, 257, 266, 359, 361, 370]",34,0.46247592654653363,56.48257942276019
1126,cv_no1126,"[254, 255, 256, 358, 359, 360]",34,0.46665563617487826,56.99305092515796
1127,cv_no1127,"[254, 265, 271, 358, 369, 375]",34,0.458311362112728,55.973957615890946
1128,cv_no1128,"[251, 253, 254, 355, 357, 358]",34,0.6398595092597246,78.14658769602832
1129,cv_no1129,"[66, 250, 264, 351, 354, 368]",34,0.473830484258253,57.86932124206197
1130,cv_no1130,"[251, 254, 255, 355, 358, 359]",34,0.5650354329462443,69.00825942742058
1131,cv_no1131,"[252, 256, 265, 356, 360, 369]",34,0.5996715001270471,73.23839185839991
1132,cv_no1132,"[57, 249, 260, 346, 353, 364]",34,0.4532794112523923,55.35940116482813
1133,cv_no1133,"[249, 260, 266, 353, 364, 370]",34,0.37179788402418534,45.40799273688722
1134,cv_no1134,"[65, 250, 261, 350, 354, 365]",34,0.4379605656558773,53.48849748443278
1135,cv_no1135,"[257, 260, 266, 361, 364, 370]",34,0.42240157659205624,51.58826487752187
1136,cv_no1136,"[250, 264, 265, 354, 368, 369]",34,0.5497059371590709,67.13605503015496
1137,cv_no1137,"[15, 257, 269, 337, 361, 373]",34,0.4518142624888358,55.18046129649461
1138,cv_no1138,"[251, 255, 257, 355, 359, 361]",34,0.6438211954101392,78.63043180508244
1139,cv_no1139,"[250, 261, 271, 354, 365, 375]",34,0.3671256360280807,44.83736710347649
1140,cv_no1140,"[252, 259, 263, 356, 363, 367]",34,0.769934214684721,94.03272242940093
1141,cv_no1141,"[58, 249, 262, 347, 353, 366]",34,0.4748325982825905,57.99171028270457
1142,cv_no1142,"[254, 256, 265, 358, 360, 369]",34,0.5126313539344154,62.60810455457142
1143,cv_no1143,"[56, 57, 260, 345, 346, 364]",34,0.46026019401355067,56.211970118383135
1144,cv_no1144,"[17, 251, 253, 339, 355, 357]",34,0.6515822102997693,79.57829117406219
1145,cv_no1145,"[257, 260, 269, 361, 364, 373]",34,0.4221556986710448,51.55823559728336
1146,cv_no1146,"[258, 264, 265, 362, 368, 369]",34,0.5556862916447903,67.86644082501847
1147,cv_no1147,"[252, 256, 263, 356, 360, 367]",34,0.6090132811401785,74.37931154251056
1148,cv_no1148,"[253, 254, 271, 357, 358, 375]",34,0.45733837031463576,55.85512529758229
1149,cv_no1149,"[66, 67, 264, 351, 352, 368]",34,0.48356177026216096,59.057811502962146
1150,cv_no1150,"[57, 58, 249, 346, 347, 353]",34,0.4712259324034177,57.55122510222628
1151,cv_no1151,"[39, 40, 258, 343, 344, 362]",34,0.5701593924150158,69.63405296831897
1152,cv_no1152,"[58, 59, 262, 347, 348, 366]",34,0.48286550940433026,58.97277657045211
1153,cv_no1153,"[259, 262, 270, 363, 366, 374]",34,0.3958975880836671,48.35131015184839
1154,cv_no1154,"[37, 38, 259, 341, 342, 363]",34,0.5710740892432237,69.74576567222736
1155,cv_no1155,"[65, 66, 250, 350, 351, 354]",34,0.465533841192071,56.856045146963915
1156,cv_no1156,"[64, 65, 261, 349, 350, 365]",34,0.442898673983689,54.091592866946236
1157,cv_no1157,"[16, 17, 251, 338, 339, 355]",34,0.6204590981452254,75.77719893715488
1158,cv_no1158,"[253, 261, 267, 357, 365, 371]",34,0.4264315457088363,52.080448443506626
