,0,1,2,3,4,5,6,7,8,9
0,0.196,2.469,0.295,0.328,0.318,0.307,0.296,0.285,0.274,0.264
1,0.056,0.002,0.001,0.001,0.001,0.001,0.001,0.001,0.0,0.0
2,0.96,0.644,0.506,0.663,0.706,0.698,0.669,0.634,0.6,0.567
3,0.372,1.398,0.791,0.731,0.674,0.627,0.581,0.541,0.507,0.477
4,1.074,0.123,0.041,0.055,0.051,0.048,0.042,0.037,0.033,0.029
5,0.005,0.05,0.376,1.411,0.749,0.772,0.752,0.715,0.676,0.639
6,0.001,0.014,0.272,0.92,0.351,0.395,0.379,0.358,0.338,0.319
7,0.009,0.266,1.356,0.328,0.34,0.334,0.322,0.308,0.294,0.281
8,0.117,0.059,0.056,0.045,0.042,0.039,0.037,0.035,0.034,0.032
9,0.201,0.411,0.373,0.312,0.29,0.271,0.256,0.242,0.23,0.218
10,0.009,0.088,0.475,0.715,0.905,0.874,0.796,0.733,0.681,0.637
11,2.491,0.023,0.008,0.008,0.026,0.03,0.03,0.028,0.025,0.022
12,0.003,0.052,0.52,1.638,1.201,1.133,1.069,1.003,0.941,0.886
13,0.0,0.003,0.03,0.291,0.76,0.434,0.414,0.384,0.358,0.336
14,0.039,0.164,0.124,0.106,0.097,0.09,0.084,0.079,0.074,0.07
15,0.003,0.006,0.01,0.122,0.49,0.247,0.185,0.165,0.15,0.14
16,0.008,0.088,0.554,0.785,0.704,0.682,0.647,0.608,0.571,0.538
17,0.002,0.003,0.002,0.008,0.028,0.249,0.248,0.229,0.213,0.199
18,0.054,0.026,0.022,0.019,0.018,0.017,0.016,0.015,0.014,0.013
19,1.422,1.562,0.208,0.091,0.038,0.016,0.008,0.006,0.005,0.006
20,0.035,0.854,0.693,0.396,0.349,0.322,0.301,0.284,0.269,0.255
21,2.093,1.223,0.598,0.435,0.354,0.308,0.279,0.259,0.242,0.229
22,0.003,0.048,0.745,0.431,0.329,0.326,0.309,0.293,0.277,0.263
23,0.001,0.066,0.968,0.333,0.315,0.316,0.303,0.288,0.274,0.261
24,0.008,0.084,0.489,0.652,0.72,0.702,0.653,0.607,0.567,0.532
25,0.007,0.073,0.594,1.438,1.019,0.988,0.941,0.886,0.833,0.786
26,0.002,0.022,0.118,0.174,0.193,0.179,0.165,0.153,0.143,0.134
27,0.048,1.192,0.485,0.386,0.342,0.316,0.296,0.28,0.265,0.253
28,0.028,0.302,1.5,1.332,1.27,1.232,1.172,1.107,1.045,0.988
29,0.961,0.182,0.771,0.967,1.014,0.997,0.953,0.903,0.855,0.809
30,0.189,0.003,0.009,0.004,0.003,0.003,0.003,0.003,0.003,0.003
31,0.008,0.079,0.444,0.659,0.783,0.751,0.688,0.636,0.592,0.555
32,2.474,5.569,4.349,3.779,3.507,3.266,3.057,2.87,2.703,2.554
33,0.356,0.007,0.014,0.02,0.021,0.02,0.018,0.017,0.015,0.014
34,1.114,1.133,0.576,0.464,0.395,0.354,0.325,0.303,0.284,0.269
35,0.008,0.081,0.555,0.985,0.77,0.742,0.706,0.666,0.626,0.591
36,0.317,0.008,0.0,0.006,0.007,0.007,0.006,0.005,0.004,0.003
37,2.68,0.372,0.165,0.097,0.065,0.051,0.046,0.043,0.042,0.042
38,0.006,0.089,1.126,1.598,1.452,1.386,1.306,1.224,1.15,1.083
39,0.011,0.116,0.96,1.38,1.181,1.135,1.075,1.011,0.951,0.897
40,0.009,0.093,0.57,0.803,0.73,0.705,0.666,0.625,0.587,0.552
41,0.008,0.087,0.614,1.157,0.881,0.854,0.813,0.766,0.721,0.68
42,0.006,0.001,0.001,0.0,0.0,0.0,0.0,0.0,0.0,0.0
43,0.763,2.236,0.227,0.292,0.321,0.32,0.306,0.289,0.271,0.255
44,0.006,0.066,0.466,1.049,0.709,0.688,0.66,0.624,0.588,0.555
45,0.24,0.278,0.349,0.279,0.261,0.244,0.232,0.221,0.21,0.2
46,0.964,2.327,0.017,0.096,0.131,0.139,0.135,0.127,0.118,0.11
47,0.008,0.085,0.541,0.739,0.665,0.646,0.615,0.579,0.544,0.513
48,2.673,0.372,0.164,0.096,0.064,0.05,0.045,0.042,0.041,0.041
49,0.93,0.246,0.787,0.99,1.039,1.021,0.977,0.926,0.876,0.83
50,0.002,0.019,0.113,0.308,0.464,0.347,0.303,0.275,0.254,0.237
51,0.718,0.215,0.129,0.192,0.212,0.212,0.203,0.193,0.182,0.172
52,0.006,1.176,1.0,0.856,0.799,0.747,0.704,0.665,0.629,0.597
53,0.659,3.642,0.147,0.138,0.141,0.134,0.121,0.109,0.097,0.087
54,0.084,0.001,0.004,0.001,0.001,0.001,0.001,0.001,0.001,0.001
55,0.0,0.004,0.03,0.183,0.65,0.412,0.385,0.356,0.331,0.31
56,0.01,0.116,1.183,1.521,1.373,1.318,1.246,1.171,1.101,1.037
57,5.441,0.885,0.519,0.469,0.429,0.393,0.359,0.329,0.303,0.28
58,0.36,0.139,0.143,0.114,0.106,0.099,0.094,0.09,0.086,0.082
59,0.007,0.073,0.413,0.602,0.661,0.629,0.581,0.539,0.503,0.472
60,0.863,3.804,0.373,0.318,0.281,0.259,0.245,0.234,0.225,0.217
61,2.843,0.749,0.503,0.383,0.319,0.281,0.257,0.239,0.225,0.214
62,0.069,0.093,0.228,0.17,0.158,0.146,0.14,0.133,0.127,0.121
63,0.003,0.007,0.019,0.335,0.758,0.573,0.47,0.421,0.386,0.358
64,1.442,0.699,0.371,0.354,0.325,0.3,0.275,0.254,0.235,0.219
65,0.56,0.024,0.014,0.024,0.024,0.023,0.021,0.019,0.017,0.015
66,0.411,0.079,0.096,0.056,0.054,0.051,0.051,0.051,0.051,0.05
67,1.487,0.503,0.023,0.053,0.082,0.091,0.09,0.085,0.08,0.075
68,0.007,0.059,0.41,1.156,0.66,0.66,0.639,0.606,0.573,0.541
69,0.009,0.094,0.862,1.486,1.225,1.173,1.11,1.043,0.98,0.923
70,0.003,0.011,0.095,0.9,1.157,1.081,0.937,0.847,0.779,0.725
71,4.018,0.432,0.257,0.249,0.235,0.218,0.2,0.182,0.167,0.154
72,0.008,0.088,0.554,0.785,0.704,0.682,0.647,0.608,0.571,0.538
73,0.007,0.05,0.381,1.718,0.975,0.977,0.939,0.887,0.836,0.789
74,0.007,0.077,0.522,0.858,0.708,0.67,0.638,0.601,0.566,0.534
75,0.01,0.087,0.445,0.8,1.077,1.024,0.919,0.841,0.779,0.727
76,0.006,0.004,0.003,0.003,0.003,0.002,0.002,0.002,0.002,0.002
77,0.006,0.004,0.003,0.003,0.003,0.002,0.002,0.002,0.002,0.002
78,0.006,0.059,0.308,0.42,0.442,0.416,0.386,0.359,0.336,0.316
79,1.134,1.142,0.9,0.778,0.723,0.674,0.631,0.592,0.558,0.527
80,0.008,0.081,0.639,1.359,1.0,0.969,0.922,0.868,0.816,0.77
81,0.121,0.011,0.005,0.009,0.01,0.01,0.009,0.009,0.008,0.007
82,0.063,1.899,1.531,1.323,1.236,1.156,1.088,1.026,0.97,0.92
83,0.079,0.046,0.043,0.035,0.032,0.03,0.029,0.027,0.026,0.025
84,0.0,0.003,0.045,0.455,0.428,0.373,0.338,0.312,0.29,0.272
85,0.009,0.092,0.54,0.622,0.685,0.686,0.645,0.602,0.563,0.529
86,0.008,0.084,0.491,0.679,0.678,0.654,0.612,0.571,0.535,0.503
87,0.04,0.319,0.39,0.345,0.329,0.317,0.302,0.286,0.271,0.257
88,0.099,0.743,0.581,0.509,0.481,0.463,0.442,0.42,0.399,0.379
89,3.123,0.768,0.679,0.545,0.467,0.418,0.383,0.357,0.336,0.318
90,0.053,0.009,0.01,0.007,0.007,0.006,0.006,0.006,0.006,0.005
91,0.703,0.12,0.047,0.015,0.016,0.016,0.02,0.022,0.023,0.024
92,0.277,0.235,0.223,0.183,0.17,0.159,0.151,0.143,0.136,0.129
93,1.111,0.08,0.032,0.058,0.066,0.066,0.063,0.059,0.054,0.05
94,0.462,2.252,0.4,0.388,0.358,0.335,0.317,0.301,0.287,0.274
95,0.01,0.101,0.562,0.725,0.671,0.645,0.609,0.571,0.537,0.506
96,0.815,1.483,0.34,0.456,0.495,0.493,0.473,0.448,0.423,0.4
97,2.449,0.879,0.525,0.489,0.45,0.416,0.383,0.354,0.329,0.307
98,1.152,0.319,0.054,0.116,0.138,0.141,0.136,0.129,0.122,0.114
99,0.189,0.976,0.349,0.313,0.288,0.274,0.262,0.25,0.239,0.228
100,0.008,0.087,0.541,0.704,0.654,0.645,0.614,0.577,0.542,0.511
101,0.121,0.038,0.037,0.03,0.028,0.026,0.025,0.023,0.022,0.021
102,1.438,0.41,0.002,0.07,0.096,0.103,0.1,0.095,0.089,0.083
103,0.0,0.003,0.03,0.117,0.308,0.368,0.314,0.287,0.265,0.248
104,0.008,0.085,0.549,0.828,0.713,0.688,0.654,0.615,0.578,0.545
105,0.009,0.092,0.626,1.086,0.857,0.83,0.789,0.743,0.699,0.659
106,0.138,0.008,0.004,0.007,0.007,0.007,0.006,0.005,0.005,0.004
107,0.017,0.179,1.09,1.188,1.082,1.046,0.993,0.936,0.881,0.832
108,0.067,0.707,0.615,0.521,0.485,0.453,0.427,0.403,0.381,0.362
109,0.003,0.029,0.173,0.416,0.584,0.486,0.429,0.391,0.362,0.338
110,0.014,0.132,1.577,1.646,1.559,1.506,1.427,1.344,1.265,1.193
111,2.081,1.315,0.828,0.618,0.514,0.453,0.411,0.381,0.356,0.336
112,0.005,0.055,0.239,0.274,0.268,0.257,0.241,0.226,0.213,0.2
113,0.233,0.566,0.465,0.398,0.37,0.345,0.324,0.305,0.288,0.272
114,0.009,0.099,0.599,0.826,0.745,0.719,0.68,0.638,0.599,0.565
115,0.018,0.048,0.039,0.033,0.031,0.029,0.027,0.025,0.024,0.023
116,0.612,0.145,0.193,0.15,0.14,0.132,0.126,0.121,0.116,0.111
117,2.413,0.028,0.065,0.091,0.097,0.095,0.088,0.08,0.073,0.067
118,1.062,2.068,0.029,0.066,0.108,0.12,0.118,0.112,0.104,0.097
119,0.004,0.038,0.205,0.321,0.369,0.34,0.311,0.288,0.268,0.252
120,0.17,1.251,1.038,0.89,0.829,0.774,0.728,0.686,0.648,0.614
121,0.011,0.121,0.755,1.024,0.886,0.856,0.811,0.763,0.718,0.677
122,0.107,0.946,0.782,0.669,0.63,0.605,0.579,0.551,0.523,0.497
123,0.707,0.034,0.086,0.058,0.054,0.051,0.051,0.05,0.049,0.047
124,0.009,0.098,0.641,1.0,0.829,0.8,0.759,0.715,0.672,0.634
125,0.563,0.069,0.025,0.043,0.049,0.05,0.047,0.044,0.041,0.039
126,1.066,0.183,0.777,0.948,0.988,0.968,0.924,0.875,0.827,0.783
127,0.002,0.007,0.035,0.146,0.473,0.39,0.343,0.315,0.292,0.272
128,0.213,0.053,0.024,0.037,0.042,0.042,0.04,0.038,0.036,0.034
129,0.943,0.864,0.454,0.431,0.396,0.367,0.338,0.312,0.291,0.272
130,0.0,0.004,0.089,0.702,0.337,0.384,0.356,0.331,0.31,0.291
131,1.361,0.972,0.012,0.096,0.138,0.15,0.148,0.142,0.134,0.126
132,0.019,0.211,1.471,1.406,1.322,1.281,1.218,1.149,1.083,1.023
133,0.023,0.256,2.989,2.029,2.037,1.996,1.909,1.808,1.709,1.617
134,4.918,0.147,0.24,0.21,0.19,0.177,0.169,0.164,0.159,0.155
135,0.008,0.088,0.541,0.733,0.685,0.669,0.634,0.594,0.558,0.526
136,0.951,0.173,0.02,0.041,0.036,0.032,0.026,0.021,0.017,0.014
137,0.577,0.142,0.205,0.159,0.149,0.14,0.135,0.129,0.124,0.119
138,0.497,0.021,0.042,0.026,0.023,0.022,0.022,0.022,0.022,0.021
139,0.0,0.004,0.026,0.074,0.113,0.069,0.059,0.054,0.049,0.046
140,0.347,0.015,0.027,0.016,0.014,0.013,0.013,0.013,0.013,0.013
141,0.007,0.073,0.341,0.403,0.392,0.375,0.352,0.33,0.31,0.292
142,0.444,0.124,0.069,0.114,0.129,0.13,0.125,0.119,0.112,0.106
143,1.112,1.209,0.151,0.269,0.312,0.317,0.306,0.291,0.275,0.259
144,0.056,0.493,0.823,0.713,0.682,0.659,0.628,0.595,0.563,0.533
145,1.32,2.268,0.515,0.373,0.302,0.263,0.239,0.223,0.21,0.2
146,0.002,0.023,0.136,0.322,0.456,0.359,0.316,0.288,0.267,0.249
147,1.445,0.17,0.11,0.118,0.114,0.107,0.098,0.09,0.082,0.076
148,0.514,0.042,0.065,0.045,0.042,0.039,0.038,0.037,0.036,0.035
149,0.001,0.022,0.423,0.825,0.38,0.396,0.376,0.355,0.335,0.317
150,0.0,0.008,0.165,0.873,0.323,0.385,0.368,0.346,0.326,0.307
151,1.426,0.705,0.431,0.344,0.289,0.257,0.235,0.219,0.206,0.195
152,1.154,2.138,0.166,0.062,0.014,0.005,0.01,0.011,0.009,0.007
153,0.001,0.004,0.029,0.226,0.788,0.425,0.413,0.385,0.359,0.336
154,0.242,0.483,0.447,0.373,0.348,0.325,0.308,0.291,0.276,0.262
155,1.745,0.313,0.181,0.183,0.171,0.159,0.146,0.134,0.123,0.114
156,0.127,2.222,0.312,0.345,0.33,0.317,0.304,0.292,0.28,0.269
157,0.015,0.432,1.253,0.384,0.369,0.352,0.334,0.317,0.302,0.287
158,0.003,0.004,0.001,0.039,0.38,0.006,0.005,0.004,0.003,0.003
159,0.314,2.205,0.327,0.333,0.314,0.298,0.284,0.272,0.26,0.25
160,0.083,1.537,0.354,0.33,0.303,0.286,0.271,0.258,0.246,0.235
161,1.476,1.97,0.898,0.675,0.565,0.5,0.456,0.422,0.396,0.373
162,0.002,0.002,0.018,0.562,0.885,0.768,0.645,0.579,0.532,0.494
163,0.006,0.058,0.328,0.535,0.634,0.588,0.536,0.495,0.46,0.431
164,0.0,0.003,0.037,0.401,0.619,0.445,0.405,0.374,0.347,0.325
165,0.005,0.142,0.82,0.206,0.217,0.214,0.206,0.197,0.188,0.179
166,0.547,0.011,0.012,0.001,0.002,0.002,0.0,0.001,0.002,0.002
167,3.821,0.363,0.216,0.214,0.204,0.19,0.174,0.159,0.145,0.133
168,0.276,0.986,0.813,0.697,0.648,0.605,0.569,0.535,0.506,0.479
169,2.891,0.884,0.792,0.628,0.536,0.478,0.437,0.406,0.381,0.36
170,0.0,0.0,0.001,0.0,0.0,0.0,0.0,0.0,0.0,0.0
171,0.025,0.291,2.442,1.813,1.79,1.748,1.669,1.579,1.492,1.411
172,0.005,0.067,0.487,0.873,0.693,0.651,0.62,0.585,0.551,0.52
173,3.456,0.704,0.692,0.574,0.499,0.45,0.414,0.387,0.364,0.345
174,0.516,0.224,0.008,0.036,0.032,0.029,0.022,0.018,0.014,0.012
175,5.9,0.028,0.115,0.111,0.106,0.105,0.106,0.107,0.108,0.108
176,0.391,2.115,1.69,1.46,1.36,1.27,1.194,1.124,1.061,1.005
177,0.001,0.006,0.058,0.556,0.5,0.459,0.411,0.378,0.352,0.33
178,0.67,0.033,0.004,0.017,0.017,0.016,0.014,0.011,0.01,0.008
179,0.035,0.002,0.003,0.002,0.002,0.002,0.002,0.002,0.002,0.002
180,0.001,0.004,0.029,0.177,0.575,0.378,0.35,0.323,0.3,0.281
181,0.0,0.001,0.022,0.006,0.034,0.017,0.017,0.016,0.015,0.014
182,0.004,0.019,0.013,0.015,0.009,0.007,0.006,0.005,0.005,0.004
183,4.556,0.371,0.446,0.395,0.356,0.329,0.309,0.293,0.279,0.268
184,0.825,3.113,0.0,0.04,0.063,0.067,0.063,0.056,0.05,0.043
185,1.933,1.598,0.975,0.893,0.821,0.759,0.702,0.652,0.608,0.571
186,0.884,2.142,0.137,0.217,0.251,0.254,0.245,0.231,0.217,0.203
187,0.0,0.001,0.003,0.122,0.043,0.06,0.055,0.051,0.047,0.044
188,0.453,0.278,0.296,0.24,0.224,0.21,0.2,0.19,0.181,0.172
189,0.008,0.086,0.779,1.491,1.184,1.135,1.074,1.009,0.949,0.894
190,1.0,0.183,0.681,0.858,0.902,0.887,0.848,0.803,0.76,0.719
191,1.001,0.055,0.885,1.092,1.14,1.118,1.067,1.011,0.957,0.906
192,0.655,2.402,1.901,1.646,1.532,1.429,1.342,1.262,1.191,1.127
193,0.0,0.003,0.02,0.06,0.08,0.014,0.012,0.01,0.009,0.009
194,0.215,0.139,0.03,0.004,0.007,0.011,0.011,0.011,0.01,0.009
195,0.0,0.003,0.026,0.253,0.592,0.361,0.34,0.315,0.294,0.275
196,1.162,2.486,0.312,0.207,0.155,0.129,0.116,0.109,0.104,0.1
197,0.0,0.006,0.038,0.234,0.543,0.332,0.274,0.246,0.226,0.21
198,0.173,1.088,0.406,0.368,0.341,0.326,0.312,0.299,0.285,0.273
199,0.864,0.048,0.045,0.019,0.019,0.019,0.021,0.022,0.023,0.024
200,0.005,0.134,1.081,0.277,0.287,0.288,0.278,0.266,0.254,0.242
201,0.007,0.069,0.388,0.571,0.63,0.597,0.55,0.51,0.476,0.447
202,0.055,0.311,0.135,0.12,0.111,0.106,0.102,0.097,0.092,0.088
203,2.286,0.114,0.094,0.093,0.101,0.099,0.094,0.087,0.081,0.075
204,0.009,0.074,0.063,0.014,0.018,0.018,0.018,0.017,0.017,0.016
205,0.004,0.045,0.255,0.463,0.577,0.521,0.47,0.432,0.401,0.376
206,0.008,0.077,0.259,0.246,0.234,0.226,0.215,0.203,0.191,0.181
207,2.03,0.819,0.251,0.144,0.095,0.072,0.061,0.056,0.053,0.051
208,0.0,0.018,0.005,0.029,0.007,0.009,0.008,0.007,0.007,0.007
209,0.319,0.007,0.002,0.005,0.006,0.006,0.005,0.004,0.003,0.002
210,0.021,0.557,0.835,0.34,0.312,0.292,0.275,0.261,0.247,0.235
211,0.007,0.071,0.518,1.237,0.836,0.821,0.786,0.742,0.699,0.66
212,0.046,0.551,0.467,0.397,0.37,0.345,0.325,0.306,0.289,0.274
213,0.001,0.03,0.533,0.539,0.314,0.319,0.303,0.286,0.27,0.256
214,1.558,0.769,0.422,0.4,0.367,0.339,0.311,0.287,0.267,0.249
215,0.006,0.059,0.461,1.549,0.955,0.946,0.906,0.856,0.806,0.761
216,0.596,0.129,0.132,0.196,0.217,0.217,0.208,0.198,0.187,0.176
217,1.04,0.618,0.257,0.373,0.41,0.409,0.393,0.373,0.353,0.333
218,0.025,0.173,0.066,0.059,0.055,0.052,0.05,0.048,0.046,0.044
219,0.35,0.394,0.307,0.264,0.245,0.228,0.213,0.2,0.188,0.178
220,0.959,0.695,0.488,0.643,0.686,0.679,0.65,0.617,0.583,0.552
221,1.828,1.516,0.918,0.842,0.774,0.716,0.662,0.614,0.573,0.538
222,0.075,0.003,0.003,0.004,0.004,0.004,0.003,0.003,0.003,0.003
223,0.001,0.007,0.041,0.123,0.19,0.086,0.073,0.065,0.06,0.056
224,0.003,0.031,0.187,0.534,0.758,0.657,0.577,0.525,0.485,0.452
225,0.059,0.901,0.795,0.674,0.629,0.588,0.555,0.524,0.496,0.47
226,0.012,0.158,2.209,1.775,1.745,1.703,1.624,1.535,1.448,1.368
227,0.001,0.031,0.263,1.67,0.731,0.803,0.795,0.76,0.72,0.682
228,1.557,1.752,0.527,0.368,0.291,0.25,0.225,0.208,0.195,0.185
229,0.118,0.011,0.014,0.009,0.009,0.008,0.008,0.008,0.007,0.007
230,0.0,0.001,0.007,0.018,0.063,0.058,0.05,0.046,0.042,0.039
231,2.549,1.026,0.794,0.611,0.514,0.456,0.416,0.385,0.361,0.341
232,0.792,0.132,0.213,0.301,0.328,0.327,0.313,0.297,0.281,0.265
233,0.018,0.188,1.051,1.115,1.024,0.99,0.94,0.886,0.835,0.788
234,0.006,0.081,0.53,0.763,0.666,0.642,0.612,0.576,0.542,0.511
235,0.006,0.064,0.348,0.495,0.529,0.499,0.462,0.429,0.401,0.377
236,0.916,1.508,0.262,0.374,0.414,0.414,0.398,0.377,0.356,0.336
237,0.001,0.016,0.097,0.274,0.422,0.299,0.26,0.236,0.218,0.203
238,4.008,0.028,0.045,0.019,0.007,0.005,0.007,0.01,0.013,0.016
239,0.346,0.018,0.03,0.019,0.017,0.016,0.016,0.015,0.015,0.015
240,1.544,1.3,0.227,0.104,0.049,0.026,0.016,0.013,0.012,0.012
241,0.606,5.07,0.245,0.266,0.259,0.253,0.248,0.243,0.238,0.233
242,0.009,0.089,0.549,0.701,0.652,0.638,0.608,0.572,0.538,0.507
243,1.034,3.217,0.665,0.544,0.475,0.431,0.4,0.376,0.356,0.339
244,0.001,0.014,0.088,0.338,0.568,0.42,0.359,0.325,0.299,0.279
245,1.43,0.335,0.165,0.168,0.155,0.144,0.13,0.119,0.109,0.101
246,0.082,1.715,0.388,0.37,0.342,0.322,0.305,0.291,0.277,0.265
247,0.023,0.628,0.972,0.394,0.36,0.336,0.316,0.299,0.284,0.27
248,0.009,0.082,0.535,0.776,0.687,0.649,0.617,0.581,0.546,0.515
249,0.001,0.032,0.578,0.623,0.36,0.361,0.342,0.323,0.305,0.289
250,0.007,0.147,1.377,0.316,0.341,0.345,0.335,0.321,0.307,0.293
251,0.013,0.138,1.311,1.509,1.375,1.326,1.257,1.183,1.113,1.05
252,0.272,0.984,0.812,0.696,0.648,0.604,0.568,0.535,0.505,0.478
253,0.193,0.006,0.012,0.006,0.005,0.005,0.005,0.005,0.005,0.005
254,2.184,0.01,0.063,0.09,0.096,0.094,0.087,0.08,0.073,0.067
255,1.258,2.524,0.69,0.53,0.447,0.398,0.365,0.34,0.321,0.304
256,0.0,0.001,0.009,0.024,0.003,0.12,0.106,0.097,0.09,0.084
257,0.008,0.089,0.546,0.657,0.649,0.651,0.619,0.58,0.544,0.512
258,1.671,1.708,0.819,0.606,0.503,0.442,0.402,0.372,0.348,0.329
259,0.033,0.352,1.499,1.294,1.242,1.205,1.147,1.084,1.023,0.968
260,0.864,0.966,0.474,0.626,0.671,0.664,0.637,0.605,0.572,0.541
261,0.2,0.442,0.463,0.381,0.356,0.332,0.315,0.298,0.283,0.269
262,2.024,0.129,0.113,0.128,0.128,0.122,0.112,0.103,0.095,0.087
263,0.008,0.078,0.44,0.651,0.767,0.735,0.674,0.623,0.581,0.544
264,0.016,0.198,2.039,1.683,1.637,1.595,1.52,1.436,1.355,1.28
265,1.911,1.448,0.911,0.677,0.564,0.497,0.452,0.418,0.391,0.368
266,0.309,3.349,2.62,2.272,2.118,1.979,1.859,1.75,1.652,1.565
267,0.96,0.097,0.01,0.013,0.011,0.009,0.005,0.002,0.001,0.003
268,2.291,1.187,0.885,0.67,0.561,0.497,0.452,0.418,0.391,0.369
269,0.697,0.033,0.002,0.012,0.012,0.011,0.009,0.007,0.005,0.004
270,2.332,0.944,0.501,0.362,0.292,0.253,0.229,0.212,0.199,0.189
271,0.977,0.209,1.105,1.352,1.406,1.376,1.314,1.245,1.178,1.115
272,1.002,1.282,0.244,0.365,0.406,0.408,0.392,0.372,0.351,0.332
273,0.16,1.182,0.45,0.41,0.382,0.366,0.351,0.336,0.321,0.307
274,1.317,1.788,0.191,0.08,0.029,0.008,0.001,0.001,0.0,0.001
275,0.0,0.001,0.003,0.004,0.004,0.007,0.004,0.003,0.003,0.003
276,0.001,0.015,0.08,0.13,0.153,0.139,0.127,0.117,0.109,0.102
277,0.006,0.07,0.618,1.517,1.121,1.074,1.017,0.956,0.899,0.847
278,2.34,0.947,0.511,0.371,0.3,0.26,0.236,0.218,0.205,0.194
279,0.131,1.121,0.564,0.504,0.47,0.451,0.433,0.413,0.394,0.376
280,1.825,0.78,0.171,0.07,0.026,0.007,0.001,0.001,0.001,0.0
281,3.898,0.518,0.53,0.447,0.392,0.356,0.331,0.311,0.295,0.281
282,0.007,0.079,0.594,1.271,0.919,0.893,0.851,0.802,0.755,0.712
283,1.249,0.086,0.032,0.061,0.069,0.07,0.066,0.061,0.057,0.053
284,0.015,0.156,1.491,1.546,1.442,1.394,1.323,1.246,1.174,1.108
285,0.01,0.104,0.496,0.574,0.545,0.524,0.494,0.464,0.436,0.411
286,0.194,0.027,0.031,0.023,0.021,0.02,0.019,0.018,0.018,0.017
287,0.007,0.085,0.536,0.697,0.639,0.638,0.61,0.573,0.538,0.507
288,0.93,0.964,0.418,0.562,0.605,0.601,0.576,0.547,0.517,0.489
289,0.007,0.072,0.511,1.09,0.77,0.749,0.716,0.676,0.637,0.601
290,0.854,0.103,0.032,0.004,0.006,0.007,0.011,0.013,0.015,0.016
291,0.008,0.094,0.54,0.613,0.703,0.708,0.664,0.619,0.578,0.543
292,1.363,0.98,0.015,0.093,0.136,0.148,0.146,0.139,0.132,0.124
293,0.785,0.496,0.391,0.353,0.33,0.309,0.29,0.273,0.258,0.245
294,0.745,0.492,0.386,0.35,0.327,0.306,0.287,0.27,0.255,0.242
295,3.272,3.557,2.312,2.084,1.913,1.769,1.638,1.524,1.425,1.339
296,0.081,1.29,1.079,0.924,0.862,0.805,0.758,0.715,0.676,0.641
297,0.01,0.093,0.567,0.61,0.649,0.657,0.624,0.584,0.548,0.515
298,3.406,0.424,0.343,0.268,0.225,0.201,0.186,0.175,0.166,0.159
299,1.577,1.741,0.569,0.402,0.321,0.277,0.25,0.231,0.217,0.206
300,0.018,0.196,1.514,1.46,1.373,1.33,1.264,1.192,1.124,1.061
301,0.001,0.01,0.063,0.241,0.446,0.276,0.233,0.21,0.193,0.18
302,0.0,0.004,0.029,0.101,0.179,0.014,0.007,0.005,0.004,0.004
303,0.026,0.198,0.096,0.08,0.072,0.065,0.061,0.057,0.053,0.05
304,0.002,0.024,0.151,0.511,0.751,0.638,0.555,0.504,0.465,0.434
305,0.32,0.783,0.275,0.226,0.197,0.182,0.172,0.164,0.156,0.149
306,0.002,0.008,0.053,0.52,0.583,0.509,0.449,0.412,0.382,0.358
307,0.021,0.24,2.128,1.702,1.659,1.617,1.542,1.457,1.376,1.3
308,0.001,0.009,0.054,0.163,0.26,0.136,0.116,0.105,0.096,0.09
309,0.321,0.786,0.276,0.227,0.198,0.183,0.173,0.164,0.157,0.15
310,0.071,0.51,0.43,0.366,0.34,0.318,0.299,0.282,0.266,0.252
311,0.301,1.901,1.53,1.32,1.23,1.149,1.08,1.017,0.96,0.91
312,0.001,0.016,0.101,0.408,0.662,0.522,0.448,0.405,0.374,0.348
313,3.413,0.425,0.346,0.27,0.228,0.203,0.188,0.177,0.168,0.161
314,1.192,0.447,0.248,0.196,0.161,0.142,0.13,0.121,0.114,0.108
315,0.0,0.002,0.022,0.283,0.387,0.287,0.262,0.242,0.225,0.211
316,0.904,2.302,1.822,1.577,1.466,1.367,1.282,1.205,1.136,1.075
317,0.052,0.435,0.604,0.527,0.503,0.486,0.463,0.438,0.415,0.393
318,0.0,0.007,0.128,0.578,0.221,0.261,0.248,0.234,0.22,0.207
319,0.006,0.059,0.333,0.564,0.69,0.64,0.58,0.535,0.497,0.465
320,0.206,1.605,0.26,0.261,0.244,0.231,0.22,0.21,0.201,0.192
321,0.0,0.007,0.128,0.578,0.221,0.261,0.248,0.234,0.22,0.207
322,0.0,0.002,0.024,0.303,0.436,0.317,0.29,0.268,0.249,0.233
323,1.181,0.424,0.234,0.184,0.151,0.133,0.121,0.113,0.106,0.101
324,0.103,1.596,0.255,0.269,0.254,0.242,0.231,0.221,0.211,0.203
325,0.001,0.001,0.028,0.21,0.802,0.444,0.431,0.4,0.373,0.349
326,0.001,0.008,0.221,1.01,0.359,0.42,0.405,0.383,0.361,0.341
327,1.922,0.554,0.469,0.372,0.311,0.275,0.251,0.233,0.219,0.208
328,0.008,0.236,1.077,0.276,0.283,0.278,0.267,0.255,0.243,0.232
329,0.379,0.103,0.048,0.075,0.084,0.084,0.081,0.077,0.073,0.068
330,0.144,0.042,0.042,0.034,0.031,0.029,0.028,0.026,0.025,0.024
331,0.242,0.159,0.034,0.005,0.008,0.012,0.013,0.012,0.011,0.01
332,1.057,0.152,0.781,0.955,0.997,0.977,0.932,0.883,0.835,0.79
333,0.0,0.003,0.023,0.122,0.362,0.108,0.085,0.075,0.069,0.064
334,0.0,0.002,0.015,0.071,0.206,0.039,0.044,0.042,0.04,0.037
335,0.144,1.45,1.195,1.026,0.957,0.894,0.841,0.793,0.749,0.71
336,0.004,0.04,0.239,0.585,0.8,0.715,0.633,0.577,0.534,0.498
337,0.961,3.125,0.246,0.177,0.138,0.119,0.111,0.106,0.103,0.101
338,0.0,0.003,0.024,0.193,0.58,0.34,0.323,0.3,0.28,0.262
339,0.001,0.009,0.062,0.43,0.748,0.595,0.503,0.453,0.416,0.387
340,0.03,0.192,0.095,0.079,0.07,0.064,0.059,0.056,0.052,0.049
341,0.001,0.013,0.103,0.624,0.911,0.798,0.687,0.621,0.572,0.532
342,0.018,0.541,1.249,0.433,0.403,0.379,0.357,0.338,0.321,0.305
343,0.001,0.024,0.517,0.802,0.415,0.416,0.393,0.37,0.349,0.33
344,0.1,2.096,0.354,0.384,0.362,0.346,0.329,0.315,0.301,0.288
345,0.001,0.023,0.034,0.047,0.021,0.023,0.022,0.02,0.019,0.018
346,0.008,0.086,0.521,0.676,0.677,0.665,0.627,0.586,0.549,0.517
347,0.001,0.008,0.052,0.204,0.395,0.214,0.179,0.161,0.148,0.137
348,2.653,0.44,0.285,0.278,0.261,0.243,0.224,0.206,0.191,0.177
349,0.0,0.005,0.03,0.112,0.215,0.038,0.027,0.023,0.021,0.019
350,0.008,0.086,0.521,0.676,0.677,0.665,0.627,0.586,0.549,0.517
351,2.95,1.272,0.794,0.729,0.67,0.62,0.572,0.53,0.494,0.462
352,0.053,0.019,0.017,0.014,0.013,0.012,0.012,0.011,0.011,0.01
353,0.006,0.001,0.001,0.0,0.0,0.0,0.0,0.0,0.0,0.0
354,0.006,0.001,0.001,0.0,0.0,0.0,0.0,0.0,0.0,0.0
355,0.745,0.492,0.386,0.35,0.327,0.306,0.287,0.27,0.255,0.242
356,0.038,0.009,0.006,0.006,0.006,0.006,0.005,0.005,0.004,0.004
357,0.0,0.038,0.345,1.078,1.492,1.404,1.242,1.13,1.043,0.973
358,0.039,0.685,3.619,2.751,2.727,2.65,2.525,2.389,2.258,2.136
359,0.076,0.748,1.535,1.295,1.253,1.211,1.153,1.091,1.032,0.977
360,0.031,0.387,2.172,1.722,1.684,1.637,1.561,1.476,1.394,1.318
361,0.905,0.529,0.222,0.119,0.072,0.053,0.046,0.042,0.04,0.039
362,1.221,0.075,0.229,0.351,0.393,0.394,0.379,0.359,0.339,0.32
363,0.973,0.086,0.338,0.454,0.489,0.484,0.464,0.439,0.415,0.392
364,0.785,0.496,0.391,0.353,0.33,0.309,0.29,0.273,0.258,0.245
365,3.588,0.211,0.238,0.205,0.18,0.166,0.157,0.151,0.146,0.142
366,0.0,0.004,0.028,0.112,0.336,0.322,0.28,0.256,0.237,0.221
367,0.004,0.011,0.025,0.074,0.277,0.586,0.512,0.469,0.434,0.405
368,0.164,1.467,0.426,0.406,0.381,0.366,0.353,0.339,0.325,0.311
369,0.39,1.387,0.464,0.402,0.359,0.334,0.316,0.301,0.287,0.274
370,0.439,1.359,0.484,0.411,0.363,0.336,0.317,0.3,0.286,0.273
371,0.882,0.516,0.196,0.094,0.049,0.031,0.025,0.023,0.022,0.022
372,0.007,0.148,1.421,0.318,0.347,0.352,0.341,0.328,0.314,0.3
373,0.002,0.003,0.009,0.189,0.654,0.382,0.312,0.28,0.256,0.238
374,0.013,0.134,0.768,0.925,0.838,0.809,0.766,0.72,0.678,0.639
375,0.993,0.097,0.451,0.585,0.622,0.614,0.587,0.556,0.526,0.498
376,0.003,0.036,0.209,0.465,0.631,0.545,0.484,0.443,0.41,0.383
377,0.487,0.302,0.238,0.215,0.201,0.188,0.176,0.166,0.157,0.149
378,0.001,0.017,0.364,0.558,0.275,0.287,0.273,0.258,0.244,0.23
379,0.012,0.348,0.825,0.274,0.261,0.248,0.235,0.223,0.212,0.202
380,0.001,0.018,0.38,0.648,0.309,0.323,0.307,0.29,0.273,0.259
381,0.0,0.003,0.023,0.189,0.553,0.329,0.312,0.289,0.27,0.252
382,0.104,1.617,0.257,0.272,0.256,0.244,0.233,0.223,0.214,0.205
383,0.013,0.372,0.981,0.311,0.298,0.284,0.269,0.256,0.243,0.232
384,0.0,0.005,0.029,0.153,0.407,0.173,0.139,0.125,0.114,0.106
385,0.0,0.002,0.015,0.07,0.199,0.044,0.048,0.046,0.043,0.041
386,0.001,0.009,0.061,0.411,0.731,0.573,0.483,0.435,0.4,0.372
387,0.001,0.014,0.109,0.636,0.92,0.809,0.698,0.631,0.581,0.541
388,0.0,0.002,0.013,0.039,0.044,0.015,0.013,0.012,0.012,0.011
389,0.441,0.297,0.233,0.211,0.197,0.185,0.173,0.163,0.154,0.146
390,0.406,1.136,0.399,0.335,0.295,0.273,0.258,0.245,0.234,0.223
391,1.189,0.258,0.222,0.198,0.19,0.179,0.169,0.158,0.148,0.139
392,0.074,1.011,0.175,0.183,0.169,0.16,0.152,0.145,0.139,0.133
393,0.084,0.969,0.181,0.177,0.165,0.155,0.147,0.14,0.133,0.128
394,0.749,0.238,0.121,0.094,0.077,0.067,0.061,0.057,0.054,0.051
395,0.004,0.131,0.606,0.157,0.165,0.161,0.154,0.147,0.14,0.134
396,0.003,0.174,0.476,0.157,0.149,0.142,0.134,0.128,0.121,0.115
397,0.0,0.004,0.129,0.368,0.153,0.175,0.166,0.156,0.147,0.138
398,0.0,0.003,0.22,0.343,0.168,0.177,0.169,0.159,0.151,0.142
399,0.0,0.002,0.014,0.141,0.335,0.219,0.204,0.188,0.175,0.164
400,0.0,0.001,0.002,0.148,0.206,0.151,0.138,0.128,0.119,0.111
401,0.042,0.03,0.023,0.021,0.02,0.019,0.017,0.016,0.016,0.015
402,0.052,0.031,0.024,0.022,0.021,0.019,0.018,0.017,0.016,0.015
403,1.259,0.248,0.101,0.112,0.103,0.095,0.085,0.076,0.069,0.063
404,0.969,0.099,0.317,0.431,0.465,0.461,0.442,0.419,0.396,0.374
405,0.231,1.253,0.396,0.36,0.331,0.314,0.3,0.287,0.274,0.262
406,1.655,0.321,0.179,0.18,0.168,0.156,0.143,0.131,0.12,0.111
407,0.02,0.202,0.752,0.728,0.688,0.665,0.631,0.596,0.562,0.531
408,1.333,0.361,0.169,0.173,0.159,0.147,0.133,0.121,0.111,0.103
409,1.128,1.358,0.1,0.215,0.258,0.265,0.257,0.245,0.231,0.218
410,0.253,0.515,0.501,0.416,0.389,0.364,0.344,0.326,0.309,0.294
411,0.004,0.045,0.255,0.464,0.578,0.521,0.47,0.432,0.402,0.376
412,1.01,0.395,0.507,0.658,0.699,0.69,0.66,0.626,0.592,0.56
413,0.0,0.004,0.025,0.073,0.105,0.034,0.029,0.026,0.024,0.022
414,0.674,1.49,0.454,0.394,0.346,0.315,0.293,0.275,0.26,0.247
415,0.066,0.013,0.014,0.011,0.01,0.009,0.009,0.008,0.008,0.008
416,0.277,0.086,0.089,0.07,0.065,0.061,0.058,0.055,0.053,0.051
417,0.075,0.72,1.308,1.108,1.068,1.032,0.983,0.931,0.881,0.834
418,0.631,0.005,0.04,0.022,0.02,0.018,0.019,0.019,0.02,0.02
419,0.011,0.12,0.753,1.027,0.887,0.856,0.812,0.764,0.718,0.678
420,1.317,0.647,0.068,0.164,0.198,0.205,0.199,0.189,0.178,0.168
421,0.008,0.082,0.457,0.618,0.613,0.586,0.548,0.512,0.479,0.451
422,0.91,0.581,0.588,0.759,0.805,0.794,0.761,0.722,0.683,0.646
423,0.194,0.512,0.191,0.201,0.187,0.175,0.161,0.149,0.138,0.13
424,0.309,0.058,0.065,0.049,0.045,0.042,0.041,0.039,0.038,0.036
425,0.826,1.12,0.894,0.771,0.717,0.668,0.627,0.589,0.555,0.525
426,0.0,0.006,0.04,0.252,0.578,0.368,0.306,0.274,0.252,0.234
427,2.546,1.073,0.833,0.725,0.677,0.63,0.589,0.552,0.518,0.488
428,0.012,0.28,0.238,0.201,0.187,0.174,0.164,0.155,0.146,0.139
429,0.012,0.126,0.957,1.305,1.122,1.081,1.025,0.964,0.907,0.856
430,0.207,0.421,0.15,0.118,0.102,0.093,0.088,0.084,0.08,0.077
431,0.0,0.0,0.004,0.007,0.041,0.084,0.071,0.065,0.06,0.056
432,0.0,0.001,0.0,0.006,0.063,0.156,0.135,0.123,0.114,0.107
433,0.728,0.143,0.03,0.0,0.002,0.004,0.008,0.011,0.013,0.014
434,0.189,1.278,1.058,0.907,0.845,0.789,0.742,0.699,0.661,0.626
435,0.003,0.036,0.204,0.37,0.462,0.412,0.371,0.341,0.317,0.297
436,0.008,0.084,0.492,0.679,0.678,0.655,0.613,0.572,0.536,0.504
437,0.046,0.611,0.592,0.494,0.46,0.43,0.406,0.384,0.363,0.345
438,0.008,0.082,0.536,0.789,0.687,0.657,0.625,0.589,0.554,0.522
439,1.578,1.376,0.293,0.163,0.104,0.076,0.064,0.057,0.053,0.051
440,0.004,0.037,0.204,0.32,0.367,0.338,0.309,0.286,0.267,0.25
441,0.006,0.062,0.342,0.646,0.845,0.783,0.703,0.644,0.597,0.558
442,0.908,1.81,0.195,0.293,0.33,0.332,0.319,0.302,0.285,0.268
443,0.929,0.308,0.224,0.318,0.347,0.346,0.332,0.315,0.297,0.281
444,0.069,0.029,0.025,0.021,0.02,0.019,0.018,0.017,0.016,0.015
445,0.032,0.327,1.198,1.053,1.009,0.978,0.93,0.879,0.83,0.785
446,0.01,0.082,0.821,1.567,1.311,1.248,1.176,1.103,1.035,0.975
447,3.08,1.478,1.143,0.992,0.923,0.858,0.802,0.751,0.705,0.665
448,0.006,0.001,0.001,0.0,0.0,0.0,0.0,0.0,0.0,0.0
449,0.752,0.893,0.388,0.278,0.225,0.198,0.183,0.172,0.164,0.156
450,1.243,0.727,1.34,1.565,1.608,1.568,1.493,1.413,1.336,1.264
451,1.045,0.64,0.254,0.371,0.408,0.408,0.392,0.372,0.351,0.332
452,0.097,0.015,0.016,0.012,0.011,0.01,0.01,0.01,0.009,0.009
453,0.57,0.017,0.02,0.029,0.03,0.029,0.026,0.024,0.022,0.02
454,0.115,0.967,0.649,0.566,0.532,0.511,0.489,0.466,0.443,0.422
455,0.213,1.636,0.264,0.265,0.248,0.235,0.224,0.213,0.204,0.195
456,1.115,1.535,1.21,1.047,0.973,0.907,0.85,0.798,0.752,0.711
457,0.247,0.524,0.508,0.422,0.394,0.369,0.349,0.33,0.313,0.298
458,0.024,0.289,0.247,0.209,0.194,0.181,0.171,0.161,0.152,0.144
459,0.167,1.931,0.272,0.29,0.276,0.264,0.253,0.242,0.232,0.223
460,0.794,0.678,0.324,0.316,0.29,0.269,0.246,0.227,0.211,0.197
461,0.199,0.025,0.029,0.021,0.019,0.018,0.017,0.017,0.016,0.016
462,0.002,0.01,0.128,0.896,0.343,0.417,0.395,0.371,0.348,0.328
463,0.34,0.259,0.252,0.206,0.192,0.18,0.171,0.162,0.154,0.146
464,0.001,0.002,0.083,0.734,0.374,0.425,0.39,0.362,0.338,0.318
465,0.001,0.012,0.24,0.713,0.287,0.323,0.308,0.29,0.274,0.259
466,0.006,0.06,0.452,1.386,0.839,0.839,0.808,0.764,0.721,0.681
467,2.667,0.449,0.289,0.282,0.265,0.247,0.227,0.209,0.193,0.18
468,0.598,1.831,1.465,1.265,1.177,1.098,1.031,0.97,0.915,0.866
469,0.008,0.081,0.551,0.967,0.762,0.732,0.697,0.657,0.618,0.583
470,0.111,0.007,0.011,0.007,0.006,0.005,0.005,0.005,0.005,0.005
471,0.006,0.062,0.349,0.598,0.744,0.693,0.627,0.577,0.536,0.502
472,0.121,0.714,0.658,0.553,0.517,0.483,0.456,0.431,0.408,0.388
473,0.003,0.021,0.333,0.988,0.387,0.425,0.407,0.385,0.363,0.343
474,0.007,0.074,0.251,0.238,0.226,0.219,0.208,0.196,0.185,0.175
475,0.002,0.007,0.032,0.255,0.877,0.452,0.443,0.414,0.386,0.362
476,0.002,0.001,0.031,0.351,0.789,0.475,0.445,0.412,0.384,0.359
477,0.164,2.664,0.301,0.347,0.34,0.33,0.319,0.307,0.296,0.285
478,0.251,2.735,0.308,0.342,0.332,0.322,0.31,0.299,0.288,0.277
479,0.014,0.337,1.465,0.376,0.379,0.369,0.354,0.337,0.322,0.307
480,0.069,0.013,0.008,0.009,0.009,0.008,0.008,0.007,0.006,0.006
481,1.086,0.127,0.044,0.058,0.055,0.051,0.045,0.039,0.035,0.032
482,0.074,0.294,0.241,0.206,0.191,0.178,0.167,0.157,0.149,0.141
483,1.301,0.119,0.082,0.093,0.091,0.086,0.079,0.072,0.066,0.061
484,1.012,0.269,0.578,0.738,0.779,0.768,0.734,0.696,0.658,0.623
485,0.001,0.026,0.216,0.83,1.156,1.058,0.928,0.842,0.777,0.724
486,0.006,0.064,0.347,0.49,0.52,0.491,0.455,0.423,0.396,0.372
487,0.037,0.016,0.011,0.012,0.011,0.01,0.01,0.009,0.008,0.008
488,0.02,0.202,0.821,0.808,0.759,0.734,0.697,0.657,0.62,0.586
489,0.007,0.232,1.546,0.338,0.361,0.361,0.35,0.336,0.322,0.308
490,3.085,1.025,0.636,0.587,0.54,0.5,0.46,0.426,0.396,0.37
491,0.002,0.003,0.001,0.007,0.028,0.283,0.256,0.235,0.218,0.204
492,1.901,0.36,0.04,0.024,0.049,0.057,0.056,0.053,0.049,0.045
493,0.009,0.094,0.621,0.99,0.813,0.785,0.746,0.702,0.66,0.623
494,0.002,0.049,0.734,0.331,0.276,0.275,0.263,0.249,0.236,0.225
495,5.705,1.615,1.031,0.929,0.85,0.783,0.721,0.667,0.621,0.58
496,0.006,0.001,0.001,0.0,0.0,0.0,0.0,0.0,0.0,0.0
497,1.061,0.024,0.047,0.062,0.064,0.062,0.058,0.053,0.049,0.045
498,0.608,0.094,0.131,0.098,0.091,0.086,0.083,0.08,0.077,0.074
499,0.006,0.001,0.001,0.0,0.0,0.0,0.0,0.0,0.0,0.0
500,0.677,1.513,0.463,0.402,0.352,0.321,0.298,0.28,0.265,0.251
501,0.011,0.113,0.866,1.299,1.081,1.042,0.989,0.93,0.875,0.825
502,0.143,0.166,0.149,0.124,0.115,0.107,0.101,0.096,0.091,0.087
503,1.152,0.117,0.065,0.076,0.073,0.069,0.062,0.056,0.051,0.047
504,0.01,0.101,0.546,0.694,0.648,0.623,0.588,0.551,0.518,0.488
505,0.036,0.888,0.511,0.336,0.297,0.275,0.257,0.243,0.23,0.219
506,0.2461635341428587,7.181753291111144,2.882872053978672,3.0789609531748092,2.553214230823908,2.2974541733748723,2.1193379913578547,1.9822454942048235,1.8683836548290027,1.7701573276739735
507,0.44056293659892326,10.984495232806424,1.9309459074352633,2.3596460442682297,2.206540655444331,2.0797610185137976,1.966365644038513,1.8668827294822614,1.777373523823576,1.696063577268829
508,0.035091176480845476,0.08787462912703492,0.19985388277856364,1.0940980469575754,4.926134066246381,2.5608914665296334,2.530378224332049,2.350557823801654,2.1876555917450276,2.047102888694783
509,0.02462373508033403,0.03340202260175898,0.11829664017951003,1.2819446735454756,5.289460857863438,2.4451526448072887,2.474730123825803,2.3213771511145116,2.16932160302616,2.034263672549785
510,0.023996765669769195,0.061349647623483064,0.1894790622060885,1.4929379132016918,5.155924543028397,2.489348779207187,2.4652146552542002,2.3092937277325976,2.1586981726391556,2.0252819833646636
511,0.01721916132398239,0.019576708397711327,0.19410570288200876,2.483588525937188,3.7255775774254594,2.954372469274403,2.5726619783718974,2.349138528538789,2.1766657679100794,2.034120840873527
512,0.013447879858563666,0.044724843406961715,0.3339423848483949,3.7870106264556735,2.610124978562894,2.949787815094721,2.553509753907513,2.331679561499211,2.1618657026102075,2.0216336782182505
513,0.008239199970882623,0.012412511013067826,0.5643112941956742,5.675020319485927,1.8145469061662771,2.481023958067542,2.388974076143713,2.243407748436716,2.105368319897006,1.9817147892078464
514,1.056487739233027,15.538188930695336,1.5855874583859848,1.8505965296426719,1.8284879265690122,1.7858402919286698,1.731125032411423,1.673538212688204,1.6153235438826232,1.5581302617779624
515,1.5398949678604725,16.49578125513778,1.6114235476888656,1.813677381310569,1.786565053837027,1.742706484972714,1.6901895746924231,1.6351662400778608,1.5797628548138742,1.5253840929657532
516,2.583479688053267,12.420288811338972,2.405770972923205,2.3775430569065783,2.176888021697405,2.0261306485174035,1.9024479055976184,1.798868586634618,1.7089566066702524,1.629343066777851
517,4.820406356025166,7.126248640173784,3.799495806662685,3.0116061855438496,2.5388484817193895,2.2616897593301877,2.06868752302874,1.9215650752116074,1.8026228901917634,1.7027398763548556
518,8.097307661483214,4.409193502293147,3.9678629239131213,3.0625938271235578,2.568919626578468,2.2799218617225714,2.0780976998995464,1.9256818403904454,1.803295297463207,1.701154903655287
519,11.368653764171713,3.3880912611677316,3.471785499823333,2.872843456756722,2.4690638316654123,2.212547404686149,2.028498466536192,1.8858456797572767,1.7697555177281261,1.6720689349038576
520,19.55563051083697,1.2451770443712054,1.4280747000202028,1.3937315170958502,1.3291810226718173,1.270544615746113,1.2181452905448382,1.1701370573808332,1.1260051729471088,1.0852652870726718
521,21.783579611320082,1.1168821451371531,1.2877608771756845,1.267366359639693,1.2222918044938222,1.1794745695422488,1.1386380933895317,1.100348442256911,1.064235296308949,1.030187927955505
522,16.79647116013246,1.6173458037750237,1.926347682977679,1.8042570675657545,1.6717973507852515,1.5650439020502194,1.4755406083474392,1.399166560320227,1.3323704572118615,1.2731006073551532
523,12.930592705605543,2.2021102437563718,2.4814369477075355,2.1665076918872166,1.9250528805530314,1.7533720946585298,1.6241954439941062,1.519779228334004,1.4325644481833189,1.3578955982365604
524,10.39433163672547,2.801937788859502,2.932932693134261,2.3984202903979974,2.068620124849255,1.8547228791419825,1.6991891094306117,1.578515979560051,1.4801995690864063,1.397532292460772
525,8.418170498740626,3.5010090692728775,3.2966389364786495,2.546011873879614,2.1523582837462785,1.9096352381620676,1.7407071718718645,1.6111742948183767,1.5068407293086012,1.419851370621919
526,6.832335301072867,4.321307371622105,3.5251029464988934,2.618794151882405,2.1904420481838733,1.9355322874323964,1.758605726433563,1.624966268995234,1.5180329425227441,1.4292535148074264
527,5.3359329132111855,5.568124485149843,3.544252382864956,2.621839004818139,2.1914347176403464,1.9353442877844274,1.760048721192427,1.6268795451050242,1.5201833458033003,1.4315129881218736
528,18.66859798559398,1.4257386451698923,1.572678316704025,1.5005662311564814,1.4125553574866465,1.3375378659755592,1.2723432088186277,1.2148709385982308,1.1634354329245273,1.1169582800989173
529,0.00991359821667412,0.17145199747856,3.1924343605587446,4.385031089196566,2.5836926255467736,2.4554794198626593,2.2874416746118658,2.1439161854789663,2.017878913550059,1.9062085876147268
530,0.011832889405953633,0.3454955555804387,7.058520943395931,1.8350938436615536,2.2815105292930338,2.2814495519872726,2.1784877004147565,2.0677117299182477,1.9608777649707276,1.861602924387379
531,0.019771571182820177,0.6137404203842136,8.371029921573093,1.7439030058144425,2.076052672331286,2.1251888458579233,2.067557338650417,1.9853981805878909,1.897344602264605,1.8109797726947434
532,0.034834602093592675,0.9782761121988635,9.444053129572293,1.6951682073799363,1.9502260131430882,2.008829819295539,1.9746748357547634,1.9114534266054186,1.8376346087517577,1.7619189766862218
533,0.05394561113613253,1.5502177446185035,8.86760884860616,1.9978030797936952,2.099667373917817,2.0786822287691944,2.0069683472872297,1.924950818628864,1.8414146059892589,1.7605632292433444
534,0.08462874393451138,2.2953603543612346,7.896246707333283,2.379581415848139,2.2806307613765164,2.1690711365439914,2.0546033806352972,1.950327586739415,1.85453175316341,1.7666429122183052
535,0.12278813536657143,3.15763063268734,7.193948748549846,2.6465405562693523,2.38850448723538,2.2168667450582844,2.075906594879094,1.958238068882349,1.8553469754929819,1.7636222222923543
536,0.6571554426551969,14.620823025165585,1.5225168773876212,1.8756602985969941,1.8649085858259353,1.825502290950699,1.770564041000981,1.7110647045866567,1.6502987750911802,1.5903834225875
537,18.036229314215145,1.4785154251975527,1.6236027659726748,1.5427468752795117,1.4461593561087402,1.364877416927644,1.295442303470953,1.234617973623204,1.180549409004922,1.1319606568357348
538,18.2999230817122,1.4199889345740817,1.578610314948062,1.510135300121714,1.4211321313557086,1.3455033292722194,1.2794670335309448,1.2214090092330239,1.1694897810062175,1.1225920124925284
539,18.20952070988761,1.4734132184906752,1.6155135512755623,1.5348792051893212,1.4396800415072877,1.3594940142646992,1.2906890095162025,1.230418472529782,1.176799615636244,1.1285835693929362
540,0.004523554076449034,0.11785618438561048,2.1773676564507225,5.250000568689714,2.3264735224531696,2.405959406537257,2.282041219110252,2.151250364744489,2.0290290300174454,1.918142563821153
541,19.639553001009574,1.318489522137278,1.4770863840660808,1.424364946452115,1.3517847900839572,1.2875163754047536,1.230987461259598,1.1799322201880378,1.1334938457538595,1.090993549348347
542,2.260116112474443,9.141777347371052,2.798847036339455,2.501486877679148,2.255468063814375,2.105821600208232,1.9947051665854882,1.8976576418971438,1.8097777212745507,1.7293353631361443
543,1.8211093739083655,8.391411448045242,2.9050699095917882,2.535630192117247,2.272494197515066,2.1232594914106637,2.0146430598455582,1.918499387671801,1.8304361605870867,1.749201606826001
544,1.1351245511118448,10.26277769205282,2.1385838215478055,2.158971268653151,2.05768253501026,1.9903788241374982,1.9296302907080218,1.8624938798683672,1.7927038816576792,1.7233501694908646
545,0.002337701610490531,0.07872130741793167,0.5534987765525314,1.9826022513640125,1.7585229766496457,2.3003602456112984,2.0456640496275944,1.8643160222486979,1.7236017129493257,1.6078098845928352
546,0.0234204513361514,0.13777318935388627,0.7213877636248025,1.932722887484215,1.8143807745222114,2.208623870876696,2.0147989426609536,1.8476183513251045,1.7126600773072227,1.5999142104655477
547,0.007100817326456311,0.0744135587336582,0.4519795349786598,1.6296502723007775,2.028090198408913,2.3772353655054212,2.0632759561971263,1.8738114137217685,1.7298669713401786,1.6123589825345717
548,0.01255189009974493,0.07520197068621481,0.38290123628396844,1.274096932498509,2.44697757934905,2.3257675915013336,2.065822468930676,1.8766530655634721,1.7322040405414403,1.6142497894757348
549,0.007077198946144635,0.029893362629881494,0.3115315794267098,1.4633115399538634,2.0648354953878814,2.587079824465388,2.0841154232049464,1.8845941498466714,1.7368683208144995,1.6173862642023487
550,0.00010091872561675054,0.06990058622315264,1.4612578981884843,5.910195346519692,2.0348783575567193,2.3403566478921105,2.2720248432238623,2.156749482438741,2.0391177397993796,1.9292682785888278
551,32.950111414920265,0.5842347128186299,0.7170600189008791,0.7437639746776931,0.7509318230911272,0.7534368078363886,0.7533957122169418,0.7505117831253543,0.7454990803010119,0.7388555627162819
552,0.0008859020581381213,0.2373252962641833,2.0831080978444163,2.001745377387708,2.181355006295761,2.0930310307130395,1.999977711572903,1.8802202913361343,1.7668494329421662,1.6645336769782628
553,0.05543361055352034,0.3514175944128682,1.5218239048116868,2.5852356915984083,1.9630773102244368,2.0689537587410762,1.9925015203219982,1.8782159532169416,1.7665391456143178,1.664817876271578
554,0.00057680219680178,0.25218596842803076,2.4852926117678584,1.5035096389978857,2.0616761571035647,2.1028405241523647,2.0194237720409385,1.8956269384337774,1.7786400604929438,1.673737517782803
555,0.007608927921347144,0.10814838235188273,1.076911518261803,1.9931691409357788,1.7571586973723226,2.112577432073814,1.981643392067541,1.8292182954371627,1.700488079454632,1.5910833425833353
556,0.02732511791949696,0.09518422186874625,0.33217669004462763,0.8337746676888078,3.21421206520954,2.0855590052134576,2.0307726198170597,1.8636574101820442,1.7255117833295983,1.6101680813629944
557,2.1816224783185865,15.573319340111127,1.641792002729346,1.631553366460516,1.5572790039133924,1.4855589822150819,1.421146658757128,1.3614130854181945,1.3062065006373451,1.2551768355468647
558,2.0402438222000265,16.269349218796354,1.5124655862134608,1.5255925077898869,1.471785097524553,1.414957978716346,1.3615255556630272,1.3101537073055012,1.2614515034320757,1.2155809013867465
559,0.02234134980028192,0.14430265365624795,0.9426195178840033,4.540503944099476,1.6097794062670079,1.8369138975748358,1.8462561685027865,1.7793910151670873,1.6940304500810974,1.6081745201847104
560,0.022524563584445382,0.14382963044107483,0.9050908787648682,4.517765968009424,1.650608778805592,1.8769094668843886,1.8798025553230628,1.8080076005760575,1.7192332175741039,1.6308964832063855
561,39.81503111818308,0.6402997005446089,0.8597904015332615,0.9224232371740919,0.9439419696204138,0.9575836557540989,0.9643528777911834,0.9664137650792035,0.9645138401581657,0.9594772956199227
562,28.20817882892501,0.6800812910035813,0.84337278010983,0.8765602762961218,0.8793278074546039,0.8772039219093055,0.8706504223412642,0.8616552212296231,0.8506556010487665,0.8382126565663247
563,0.05137484511491772,0.3314756896019982,1.5627424539370902,2.6242895539416167,2.070016630042728,2.068316162307531,1.9795917176551507,1.8666586994507388,1.757251170014339,1.6573734434494225
564,34.91892910421192,0.5875823300172995,0.7526925624126085,0.7870243689421367,0.7984517017651014,0.8040201954651629,0.8063179631854127,0.8050562447723908,0.8011034860636439,0.7950770326565972
565,8.193240323850938,2.2530448471318887,2.925589100236754,2.3441937744693946,2.015309879770506,1.814937223459764,1.6751374415405926,1.565241819705614,1.4743551279552813,1.3967129253774444
566,11.19490078937673,2.050388759551865,3.190636919514718,2.7108604995013343,2.3835783639803516,2.1768313416010456,2.0281504063487765,1.9076861578337454,1.8054458116539305,1.7162930850399543
567,0.6541465512977038,4.902593071417999,3.264866954553266,2.585380820008315,2.3002991838210227,2.192165505373135,2.1097160747637727,2.021491491896104,1.9321334856865233,1.845572615877154
568,0.25853166876051636,3.812189325139843,1.975763340397248,2.117374519654794,1.8739545432052918,1.7992649451905633,1.7370787981775186,1.6648573435814584,1.5897759507753928,1.5165836497988008
569,0.06560908181019902,0.5006862748596219,1.636137024288461,1.9495437348558189,1.9855626037300804,2.1286197725173763,2.034220183290389,1.9056772888651148,1.7858049947624828,1.679099155438912
570,0.04585647188814419,0.3523830418226887,1.8123831565589692,1.1939339761473193,1.869420749282426,2.0595959266402124,1.9409654050692473,1.8033448697544068,1.6823156727751183,1.5774516958035487
571,0.017227385194469723,0.02577434854962902,0.4313853696001158,1.4606476390210568,3.3240626992482767,3.2803540519483527,2.6578442542496354,2.405062600214356,2.2183467547704003,2.0670374639489895
572,0.008594134782619294,0.031362311986247504,0.3446614298188993,1.3523870697310332,2.1418182317089958,2.6694340315963823,2.0815067595110817,1.881122775528626,1.7337667414992792,1.6147125496107226
573,0.009380475286758706,0.06291010521790975,0.9366170378934434,5.822083852714273,1.9437956079441343,2.398433403402961,2.324513241776609,2.1975739083116035,2.0711750687575297,1.955070507122265
574,0.6918477045870439,7.015092471609134,2.653187476914667,2.448352722257251,2.2340364817287903,2.132510951220303,2.05429377181027,1.971371190789316,1.8876636433598266,1.8063580056419846
575,3.585465478073177,7.732686486836351,3.087068528720224,2.4478713880922895,2.0876082060854046,1.8638821024543208,1.7051317003141433,1.583003752217034,1.4838895284183893,1.4006711364546416
576,4.301273104414153,6.268395189442359,3.3743875227304123,2.54352244267171,2.138116813875042,1.895506758479093,1.7287210562246842,1.60129904469983,1.4986427623295737,1.4129092632903029
577,4.8799528475739535,5.345710045718559,3.4893543787883665,2.5721210017816802,2.1511677632985715,1.9044550638750741,1.7343703025009627,1.6056270145929636,1.5022148835154658,1.4159886950278298
578,5.202448235932618,4.907869330125754,3.4820702873851572,2.5644949301150937,2.145407031801572,1.8996413701560826,1.7322418462599165,1.6047257037107805,1.5020773731105532,1.4163394417793118
579,5.504837880880312,4.497245503451405,3.461292433550649,2.550143118794289,2.135205176686975,1.8936931224966214,1.727501098261713,1.6014391883595984,1.499866295245518,1.4149054814812962
580,5.724657848785727,4.180954725377166,3.421812743476553,2.5295389188858746,2.1216394575264093,1.883746905807595,1.7219296218362234,1.59816151309633,1.4980624803855647,1.4140773071881463
581,6.062123712084355,3.733440701051662,3.3684336562515993,2.5002809543915547,2.1021380689527525,1.8717329984542244,1.713140542496559,1.5921532443008535,1.494017886518258,1.4114175064565333
582,4.583646173673628,6.0701138426209456,3.92867678147331,2.933863648957917,2.4947300338147773,2.250949037010234,2.0846457644613214,1.9541830751307907,1.8452147834493107,1.7510794597042023
583,3.1702268926699233,7.814680549668326,3.3380254146554384,2.731357417645015,2.384160687092416,2.1837888090290787,2.0435472653704236,1.928639832978742,1.8294731968483664,1.7416982429437204
584,0.8546702827192045,8.655926004510452,2.376818051569653,2.309203276092307,2.1542504864143974,2.067977964211612,1.996010784818592,1.9198434827467037,1.8424316594533214,1.7666749281518868
585,4.072206240272779,7.238862445196765,3.2802917921610035,2.534984618828945,2.144531520003573,1.9063658258943281,1.7389673467095113,1.6112001990766651,1.5081441435214926,1.4220371373387135
586,0.09136029815326632,1.3115162298672454,6.149077279625214,1.284436857091847,1.481443293804826,1.5838840043903668,1.615675651055229,1.5923045401227913,1.544294014882412,1.4869130543682807
587,0.10044131003134274,0.9600516752257219,5.4677494005772855,1.364859440098285,1.5814224060141737,1.6747165841061116,1.6867416399921389,1.64759875927341,1.5877046975307665,1.521633544415669
588,0.04497753009295775,0.657166414666817,5.810166995847858,1.1702945155779896,1.5000613397359097,1.6451367089026054,1.68389462256523,1.6534715716239985,1.5962555311999358,1.530639392175508
589,0.06762578328177839,0.571450217998411,3.7727587610591127,1.7658449235825127,1.8979084000515394,1.8824182464844124,1.8299455934159563,1.7499155995138436,1.6638780664127675,1.5804708013667135
590,0.019858815941631507,0.37644413646756697,4.1361362364865375,1.398402764218021,1.8514464647833084,1.8827330269727807,1.8444051661454368,1.7648018890124604,1.6770950966836915,1.5918491391993916
591,0.047761364810972214,0.34929987302031906,2.3443245650163353,2.345258260571479,2.1437608662953376,2.0023453919689107,1.9077242309300086,1.8048035694591305,1.704872089951337,1.6124038972208752
592,0.00227428697836643,0.19163300419459303,1.9546793886130762,2.4986104143014636,2.287031088451298,2.0384393675556365,1.9342916557274377,1.8240073137088733,1.7194794577901238,1.6239483972317146
593,0.0018484938834243112,0.16671089369374062,1.502741389328475,2.8727928185398035,2.244517740327267,2.068538156326747,1.970152972382453,1.8572524299378295,1.749465464050663,1.6510763442157013
594,0.04556100429582401,0.29100266028335725,1.6245463477592168,2.5029394362259283,2.258506220157725,2.085920806042896,1.9770256039699825,1.8614540785033573,1.752253661653725,1.6530375304309108
595,0.0016415010244404092,0.22220839840795661,1.9187153135295663,2.275230403302495,2.244585563693158,2.086046895489709,1.9858629661148055,1.8685675082776172,1.7577260509763657,1.6573135290501069
