,no,cv_no,region,temp_I,integ_I
0,cv_no0,"[173, 352, 174]",34,0.195,7.031999999999999
1,cv_no1,"[116, 384, 292]",34,0.0,0.064
2,cv_no2,"[290, 328, 147]",34,0.381,10.706
3,cv_no3,"[160, 317, 161]",34,0.323,10.112
4,cv_no4,"[305, 326, 222]",34,0.014,1.7049999999999996
5,cv_no5,"[127, 368, 17]",34,0.431,10.716999999999999
6,cv_no6,"[24, 349, 184]",34,0.216,5.639
7,cv_no7,"[178, 353, 179]",34,0.199,5.911
8,cv_no8,"[272, 386, 335]",34,0.023,0.7330000000000002
9,cv_no9,"[297, 390, 224]",34,0.152,4.399
10,cv_no10,"[16, 320, 120]",34,0.42,10.403999999999998
11,cv_no11,"[168, 350, 169]",34,0.004,2.786999999999999
12,cv_no12,"[129, 319, 130]",34,0.593,14.753000000000002
13,cv_no13,"[188, 351, 189]",34,0.221,5.383
14,cv_no14,"[283, 306, 46]",34,0.048,1.436
15,cv_no15,"[194, 354, 195]",34,0.092,2.504000000000001
16,cv_no16,"[293, 325, 236]",34,0.361,9.019
17,cv_no17,"[192, 355, 193]",34,0.127,2.5459999999999994
18,cv_no18,"[44, 394, 284]",34,0.01,0.31300000000000017
19,cv_no19,"[218, 404, 252]",34,0.014,3.462999999999999
20,cv_no20,"[303, 362, 176]",34,0.18,5.635
21,cv_no21,"[247, 300, 251]",34,0.164,7.712999999999998
22,cv_no22,"[304, 364, 182]",34,0.181,4.929
23,cv_no23,"[181, 365, 304]",34,0.181,5.027
24,cv_no24,"[243, 298, 234]",34,0.354,8.783
25,cv_no25,"[319, 347, 246]",34,0.527,13.167
26,cv_no26,"[31, 372, 1]",34,0.089,2.233
27,cv_no27,"[23, 361, 303]",34,0.179,5.727
28,cv_no28,"[241, 262, 227]",34,0.668,17.061
29,cv_no29,"[146, 333, 290]",34,0.547,14.222000000000003
30,cv_no30,"[249, 384, 366]",34,0.003,0.25400000000000006
31,cv_no31,"[320, 323, 234]",34,0.367,9.113
32,cv_no32,"[167, 308, 22]",34,1.742,52.529
33,cv_no33,"[37, 313, 36]",34,0.008,0.5930000000000002
34,cv_no34,"[378, 379, 170]",34,0.19,7.189999999999999
35,cv_no35,"[244, 348, 324]",34,0.397,9.947
36,cv_no36,"[235, 363, 318]",34,0.0,0.37600000000000006
37,cv_no37,"[228, 250, 247]",34,0.04,3.9699999999999993
38,cv_no38,"[131, 332, 132]",34,0.724,18.125000000000004
39,cv_no39,"[242, 332, 291]",34,0.602,15.114
40,cv_no40,"[225, 340, 236]",34,0.37,9.274
41,cv_no41,"[244, 395, 257]",34,0.456,11.43
42,cv_no42,"[117, 399, 116]",34,0.0,0.008
43,cv_no43,"[149, 329, 150]",34,0.162,7.047000000000001
44,cv_no44,"[126, 348, 127]",34,0.374,9.376999999999999
45,cv_no45,"[163, 321, 296]",34,0.141,3.9869999999999997
46,cv_no46,"[252, 357, 329]",34,0.062,4.876000000000002
47,cv_no47,"[123, 325, 124]",34,0.344,8.586
48,cv_no48,"[245, 250, 228]",34,0.039,3.949
49,cv_no49,"[145, 333, 146]",34,0.561,14.580000000000002
50,cv_no50,"[238, 239, 28]",34,0.156,3.9939999999999998
51,cv_no51,"[229, 341, 217]",34,0.114,3.6489999999999996
52,cv_no52,"[164, 337, 165]",34,0.414,11.526000000000002
53,cv_no53,"[150, 357, 151]",34,0.038,5.769000000000001
54,cv_no54,"[292, 384, 249]",34,0.002,0.11200000000000003
55,cv_no55,"[190, 356, 191]",34,0.203,4.841
56,cv_no56,"[291, 332, 131]",34,0.696,17.472
57,cv_no57,"[159, 334, 21]",34,0.167,11.272
58,cv_no58,"[275, 386, 221]",34,0.059,1.924
59,cv_no59,"[234, 373, 225]",34,0.314,7.824
60,cv_no60,"[20, 370, 152]",34,0.168,8.507
61,cv_no61,"[250, 309, 247]",34,0.156,7.608999999999998
62,cv_no62,"[162, 321, 163]",34,0.086,2.2790000000000004
63,cv_no63,"[196, 359, 197]",34,0.234,5.837
64,cv_no64,"[230, 398, 253]",34,0.141,5.995000000000001
65,cv_no65,"[313, 363, 235]",34,0.007,0.8300000000000003
66,cv_no66,"[287, 321, 162]",34,0.039,1.3400000000000003
67,cv_no67,"[389, 396, 217]",34,0.044,3.065
68,cv_no68,"[348, 368, 127]",34,0.365,9.184000000000001
69,cv_no69,"[130, 319, 291]",34,0.619,15.485999999999999
70,cv_no70,"[198, 360, 199]",34,0.473,11.612
71,cv_no71,"[261, 334, 245]",34,0.087,7.1080000000000005
72,cv_no72,"[236, 325, 299]",34,0.361,9.019
73,cv_no73,"[128, 347, 129]",34,0.529,13.182999999999998
74,cv_no74,"[125, 324, 126]",34,0.359,8.99
75,cv_no75,"[16, 323, 320]",34,0.478,11.819999999999999
76,cv_no76,"[42, 118, 41]",34,0.001,0.04300000000000002
77,cv_no77,"[40, 41, 119]",34,0.001,0.042000000000000016
78,cv_no78,"[372, 397, 276]",34,0.211,5.294
79,cv_no79,"[283, 308, 226]",34,0.358,11.446
80,cv_no80,"[246, 347, 257]",34,0.517,12.921999999999999
81,cv_no81,"[313, 316, 36]",34,0.004,0.2490000000000001
82,cv_no82,"[165, 307, 166]",34,0.637,17.899
83,cv_no83,"[45, 272, 44]",34,0.018,0.5570000000000003
84,cv_no84,"[285, 374, 336]",34,0.18,4.438
85,cv_no85,"[120, 298, 121]",34,0.352,8.722
86,cv_no86,"[225, 243, 234]",34,0.336,8.388
87,cv_no87,"[33, 254, 32]",34,0.176,4.713000000000001
88,cv_no88,"[273, 314, 254]",34,0.263,7.276999999999999
89,cv_no89,"[156, 309, 157]",34,0.226,9.734
90,cv_no90,"[284, 399, 117]",34,0.004,0.15600000000000006
91,cv_no91,"[287, 398, 232]",34,0.023,1.2219999999999995
92,cv_no92,"[221, 297, 275]",34,0.091,2.758
93,cv_no93,"[217, 316, 315]",34,0.029,1.971
94,cv_no94,"[379, 380, 172]",34,0.2,7.429000000000001
95,cv_no95,"[216, 367, 340]",34,0.339,8.540999999999999
96,cv_no96,"[148, 295, 149]",34,0.264,8.658999999999999
97,cv_no97,"[261, 294, 253]",34,0.197,8.709999999999999
98,cv_no98,"[217, 341, 316]",34,0.072,3.2100000000000004
99,cv_no99,"[139, 383, 273]",34,0.163,5.0600000000000005
100,cv_no100,"[122, 299, 123]",34,0.342,8.519
101,cv_no101,"[284, 394, 335]",34,0.015,0.5300000000000002
102,cv_no102,"[228, 389, 217]",34,0.05,3.047
103,cv_no103,"[288, 289, 25]",34,0.16,3.6620000000000004
104,cv_no104,"[244, 293, 236]",34,0.365,9.145
105,cv_no105,"[246, 395, 219]",34,0.442,11.09
106,cv_no106,"[38, 363, 37]",34,0.002,0.21700000000000008
107,cv_no107,"[227, 262, 242]",34,0.561,14.197
108,cv_no108,"[224, 322, 237]",34,0.251,7.056
109,cv_no109,"[29, 259, 238]",34,0.223,5.592
110,cv_no110,"[132, 302, 133]",34,0.802,20.182
111,cv_no111,"[154, 300, 155]",34,0.235,9.742
112,cv_no112,"[32, 397, 31]",34,0.135,3.4079999999999995
113,cv_no113,"[283, 403, 306]",34,0.187,5.537
114,cv_no114,"[236, 340, 219]",34,0.379,9.505999999999998
115,cv_no115,"[45, 306, 272]",34,0.016,0.4630000000000002
116,cv_no116,"[224, 311, 297]",34,0.082,2.6850000000000005
117,cv_no117,"[228, 315, 245]",34,0.035,3.5140000000000002
118,cv_no118,"[264, 357, 252]",34,0.054,4.5120000000000005
119,cv_no119,"[30, 372, 233]",34,0.167,4.178999999999999
120,cv_no120,"[237, 322, 240]",34,0.424,12.086
121,cv_no121,"[219, 367, 242]",34,0.455,11.456000000000001
122,cv_no122,"[136, 342, 314]",34,0.345,9.512
123,cv_no123,"[297, 311, 222]",34,0.037,1.5609999999999997
124,cv_no124,"[219, 395, 244]",34,0.426,10.679
125,cv_no125,"[36, 316, 35]",34,0.024,1.233
126,cv_no126,"[144, 345, 344]",34,0.529,13.959
127,cv_no127,"[191, 356, 288]",34,0.178,4.183
128,cv_no128,"[316, 341, 35]",34,0.022,0.7970000000000002
129,cv_no129,"[161, 317, 287]",34,0.179,6.584000000000001
130,cv_no130,"[185, 336, 186]",34,0.194,4.869999999999998
131,cv_no131,"[218, 396, 389]",34,0.078,4.139
132,cv_no132,"[262, 302, 242]",34,0.69,17.503
133,cv_no133,"[134, 301, 135]",34,1.097,27.998
134,cv_no134,"[158, 310, 159]",34,0.127,7.775999999999999
135,cv_no135,"[236, 299, 243]",34,0.352,8.776
136,cv_no136,"[387, 398, 230]",34,0.003,1.3889999999999993
137,cv_no137,"[232, 387, 224]",34,0.087,2.771
138,cv_no138,"[275, 400, 220]",34,0.018,0.8920000000000003
139,cv_no139,"[28, 392, 0]",34,0.031,0.8200000000000003
140,cv_no140,"[318, 366, 220]",34,0.011,0.5910000000000002
141,cv_no141,"[276, 397, 216]",34,0.196,4.960000000000001
142,cv_no142,"[35, 258, 34]",34,0.07,2.2200000000000006
143,cv_no143,"[252, 295, 248]",34,0.168,6.321000000000001
144,cv_no144,"[254, 342, 312]",34,0.364,9.591000000000003
145,cv_no145,"[251, 358, 264]",34,0.147,7.412999999999999
146,cv_no146,"[29, 238, 28]",34,0.165,4.176000000000001
147,cv_no147,"[231, 393, 223]",34,0.045,2.9139999999999997
148,cv_no148,"[326, 400, 275]",34,0.028,1.1690000000000003
149,cv_no149,"[183, 382, 24]",34,0.216,5.706
150,cv_no150,"[184, 377, 185]",34,0.207,5.296000000000001
151,cv_no151,"[169, 378, 170]",34,0.139,5.7459999999999996
152,cv_no152,"[252, 404, 264]",34,0.007,3.6089999999999987
153,cv_no153,"[189, 371, 190]",34,0.221,5.340000000000001
154,cv_no154,"[224, 390, 322]",34,0.183,5.272
155,cv_no155,"[231, 294, 261]",34,0.069,4.033
156,cv_no156,"[174, 376, 175]",34,0.197,6.825000000000001
157,cv_no157,"[177, 381, 178]",34,0.203,6.162999999999999
158,cv_no158,"[193, 385, 194]",34,0.004,0.49300000000000005
159,cv_no159,"[172, 380, 173]",34,0.183,6.738
160,cv_no160,"[303, 361, 280]",34,0.169,5.6549999999999985
161,cv_no161,"[153, 358, 339]",34,0.261,10.45
162,cv_no162,"[197, 388, 198]",34,0.322,7.938
163,cv_no163,"[373, 401, 233]",34,0.286,7.1209999999999996
164,cv_no164,"[187, 375, 188]",34,0.214,5.254000000000001
165,cv_no165,"[270, 365, 353]",34,0.126,3.6919999999999997
166,cv_no166,"[318, 400, 235]",34,0.005,0.6190000000000001
167,cv_no167,"[245, 334, 310]",34,0.074,6.4750000000000005
168,cv_no168,"[240, 322, 226]",34,0.33,9.583999999999998
169,cv_no169,"[156, 338, 309]",34,0.253,10.426
170,cv_no170,"[31, 397, 372]",34,0.0,0.001
171,cv_no171,"[134, 331, 301]",34,0.956,24.389999999999993
172,cv_no172,"[324, 348, 126]",34,0.349,8.758999999999999
173,cv_no173,"[309, 346, 157]",34,0.246,10.427999999999999
174,cv_no174,"[232, 321, 287]",34,0.003,0.9600000000000002
175,cv_no175,"[310, 334, 159]",34,0.102,7.7459999999999996
176,cv_no176,"[307, 369, 166]",34,0.693,19.954
177,cv_no177,"[186, 374, 187]",34,0.218,5.380999999999999
178,cv_no178,"[235, 400, 326]",34,0.002,0.8340000000000002
179,cv_no179,"[116, 399, 384]",34,0.001,0.06600000000000003
180,cv_no180,"[288, 356, 286]",34,0.184,4.3950000000000005
181,cv_no181,"[285, 336, 50]",34,0.01,0.2450000000000001
182,cv_no182,"[48, 303, 280]",34,0.003,0.11700000000000005
183,cv_no183,"[158, 346, 310]",34,0.201,9.638999999999998
184,cv_no184,"[357, 370, 151]",34,0.012,4.5219999999999985
185,cv_no185,"[160, 391, 317]",34,0.377,13.541000000000004
186,cv_no186,"[329, 357, 150]",34,0.126,6.173999999999999
187,cv_no187,"[50, 336, 277]",34,0.03,0.7430000000000001
188,cv_no188,"[224, 387, 311]",34,0.123,3.721
189,cv_no189,"[291, 319, 246]",34,0.599,14.979000000000001
190,cv_no190,"[333, 344, 263]",34,0.485,12.796999999999999
191,cv_no191,"[145, 344, 333]",34,0.613,15.737000000000002
192,cv_no192,"[167, 369, 308]",34,0.775,22.644999999999996
193,cv_no193,"[265, 392, 289]",34,0.006,0.2850000000000001
194,cv_no194,"[258, 274, 34]",34,0.005,0.5040000000000001
195,cv_no195,"[286, 351, 285]",34,0.181,4.403
196,cv_no196,"[358, 370, 264]",34,0.082,5.683
197,cv_no197,"[267, 359, 354]",34,0.138,3.589
198,cv_no198,"[273, 383, 314]",34,0.194,5.889000000000002
199,cv_no199,"[311, 402, 222]",34,0.022,1.3149999999999997
200,cv_no200,"[304, 365, 270]",34,0.17,4.89
201,cv_no201,"[234, 401, 373]",34,0.297,7.409999999999999
202,cv_no202,"[255, 273, 33]",34,0.062,1.866
203,cv_no203,"[281, 350, 282]",34,0.042,3.606
204,cv_no204,"[271, 303, 48]",34,0.012,0.3840000000000001
205,cv_no205,"[233, 401, 259]",34,0.248,6.196
206,cv_no206,"[254, 312, 32]",34,0.122,3.135
207,cv_no207,"[247, 389, 228]",34,0.044,4.047
208,cv_no208,"[278, 304, 49]",34,0.004,0.14300000000000007
209,cv_no209,"[318, 363, 249]",34,0.0,0.36400000000000005
210,cv_no210,"[271, 362, 303]",34,0.166,5.105
211,cv_no211,"[257, 368, 348]",34,0.444,11.089
212,cv_no212,"[390, 403, 226]",34,0.19,5.362000000000001
213,cv_no213,"[278, 364, 304]",34,0.175,4.6979999999999995
214,cv_no214,"[253, 398, 317]",34,0.16,6.699000000000001
215,cv_no215,"[128, 368, 347]",34,0.511,12.733999999999998
216,cv_no216,"[258, 341, 327]",34,0.117,3.5059999999999993
217,cv_no217,"[229, 396, 248]",34,0.221,6.924000000000002
218,cv_no218,"[33, 273, 254]",34,0.031,0.9420000000000004
219,cv_no219,"[282, 283, 46]",34,0.121,3.8460000000000005
220,cv_no220,"[248, 328, 290]",34,0.37,10.493
221,cv_no221,"[317, 391, 253]",34,0.355,12.775999999999998
222,cv_no222,"[37, 363, 313]",34,0.001,0.12100000000000004
223,cv_no223,"[239, 392, 28]",34,0.038,1.106
224,cv_no224,"[260, 268, 238]",34,0.297,7.389
225,cv_no225,"[296, 337, 164]",34,0.327,9.12
226,cv_no226,"[133, 331, 134]",34,0.924,23.375999999999998
227,cv_no227,"[17, 368, 128]",34,0.462,11.352000000000002
228,cv_no228,"[339, 358, 251]",34,0.135,6.939000000000001
229,cv_no229,"[366, 384, 256]",34,0.006,0.2560000000000001
230,cv_no230,"[51, 288, 286]",34,0.026,0.6010000000000001
231,cv_no231,"[155, 338, 156]",34,0.239,9.944
232,cv_no232,"[258, 327, 274]",34,0.177,5.136
233,cv_no233,"[242, 367, 227]",34,0.531,13.473000000000003
234,cv_no234,"[124, 325, 293]",34,0.343,8.574
235,cv_no235,"[276, 373, 233]",34,0.251,6.285999999999999
236,cv_no236,"[295, 329, 149]",34,0.22,7.721000000000001
237,cv_no237,"[238, 267, 239]",34,0.134,3.4579999999999997
238,cv_no238,"[245, 310, 250]",34,0.028,4.378999999999998
239,cv_no239,"[220, 400, 318]",34,0.012,0.6290000000000002
240,cv_no240,"[251, 404, 218]",34,0.017,3.4389999999999996
241,cv_no241,"[151, 370, 20]",34,0.188,9.521
242,cv_no242,"[299, 325, 123]",34,0.339,8.471000000000002
243,cv_no243,"[152, 370, 358]",34,0.245,10.358000000000002
244,cv_no244,"[238, 268, 267]",34,0.183,4.653
245,cv_no245,"[294, 402, 230]",34,0.06,3.5269999999999997
246,cv_no246,"[175, 361, 23]",34,0.191,6.329999999999999
247,cv_no247,"[176, 362, 177]",34,0.19,5.8660000000000005
248,cv_no248,"[293, 324, 125]",34,0.346,8.668000000000001
249,cv_no249,"[182, 364, 183]",34,0.197,5.297
250,cv_no250,"[180, 365, 181]",34,0.207,5.947
251,cv_no251,"[302, 332, 242]",34,0.706,17.771
252,cv_no252,"[322, 390, 226]",34,0.329,9.565999999999999
253,cv_no253,"[249, 366, 318]",34,0.005,0.2920000000000001
254,cv_no254,"[315, 393, 245]",34,0.036,3.268
255,cv_no255,"[152, 358, 153]",34,0.218,9.424000000000001
256,cv_no256,"[289, 392, 266]",34,0.054,1.125
257,cv_no257,"[121, 330, 122]",34,0.342,8.492
258,cv_no258,"[153, 339, 154]",34,0.231,9.600999999999999
259,cv_no259,"[241, 301, 262]",34,0.656,16.794999999999998
260,cv_no260,"[147, 328, 148]",34,0.363,10.487
261,cv_no261,"[296, 321, 232]",34,0.189,5.3149999999999995
262,cv_no262,"[223, 393, 315]",34,0.05,3.6120000000000005
263,cv_no263,"[298, 320, 234]",34,0.36,8.948
264,cv_no264,"[302, 331, 133]",34,0.865,21.929999999999996
265,cv_no265,"[154, 339, 300]",34,0.257,10.315
266,cv_no266,"[166, 369, 167]",34,1.081,30.83
267,cv_no267,"[230, 402, 311]",34,0.008,1.1709999999999992
268,cv_no268,"[300, 338, 155]",34,0.257,10.402000000000003
269,cv_no269,"[235, 326, 305]",34,0.002,0.803
270,cv_no270,"[247, 338, 300]",34,0.137,6.92
271,cv_no271,"[144, 344, 145]",34,0.757,19.3
272,cv_no272,"[295, 328, 248]",34,0.218,7.496
273,cv_no273,"[137, 383, 138]",34,0.218,6.534
274,cv_no274,"[264, 404, 251]",34,0.011,3.4849999999999994
275,cv_no275,"[51, 289, 288]",34,0.002,0.05100000000000002
276,cv_no276,"[1, 372, 30]",34,0.068,1.698
277,cv_no277,"[129, 347, 319]",34,0.567,14.159999999999998
278,cv_no278,"[309, 338, 247]",34,0.141,7.025999999999998
279,cv_no279,"[314, 383, 137]",34,0.264,7.617
280,cv_no280,"[218, 389, 247]",34,0.009,2.9309999999999987
281,cv_no281,"[157, 346, 158]",34,0.205,9.461000000000002
282,cv_no282,"[257, 395, 246]",34,0.478,11.968
283,cv_no283,"[315, 316, 223]",34,0.03,2.147
284,cv_no284,"[132, 332, 302]",34,0.746,18.813999999999997
285,cv_no285,"[216, 397, 312]",34,0.276,6.994
286,cv_no286,"[220, 366, 335]",34,0.013,0.5180000000000002
287,cv_no287,"[122, 330, 299]",34,0.339,8.437999999999999
288,cv_no288,"[148, 328, 295]",34,0.327,9.698
289,cv_no289,"[257, 348, 244]",34,0.404,10.119
290,cv_no290,"[311, 387, 230]",34,0.018,1.2219999999999998
291,cv_no291,"[120, 320, 298]",34,0.36,8.913
292,cv_no292,"[248, 396, 218]",34,0.076,4.122000000000001
293,cv_no293,"[5, 43, 4]",34,0.171,5.516000000000002
294,cv_no294,"[6, 7, 39]",34,0.169,5.426
295,cv_no295,"[21, 391, 160]",34,0.89,30.322999999999997
296,cv_no296,"[165, 337, 307]",34,0.444,12.49
297,cv_no297,"[298, 330, 121]",34,0.343,8.514000000000001
298,cv_no298,"[250, 346, 309]",34,0.122,6.776999999999998
299,cv_no299,"[300, 339, 251]",34,0.149,7.317999999999999
300,cv_no300,"[262, 331, 302]",34,0.716,18.129
301,cv_no301,"[267, 269, 239]",34,0.119,3.1260000000000003
302,cv_no302,"[239, 269, 266]",34,0.004,0.38600000000000007
303,cv_no303,"[47, 379, 281]",34,0.035,1.1210000000000002
304,cv_no304,"[260, 360, 268]",34,0.284,7.079999999999999
305,cv_no305,"[255, 343, 273]",34,0.108,3.738000000000001
306,cv_no306,"[374, 375, 187]",34,0.236,5.8020000000000005
307,cv_no307,"[301, 331, 262]",34,0.88,22.367
308,cv_no308,"[266, 392, 239]",34,0.06,1.6700000000000004
309,cv_no309,"[274, 343, 255]",34,0.108,3.7550000000000003
310,cv_no310,"[221, 403, 390]",34,0.174,4.9639999999999995
311,cv_no311,"[240, 369, 307]",34,0.628,17.999000000000002
312,cv_no312,"[268, 359, 267]",34,0.228,5.727999999999999
313,cv_no313,"[310, 346, 250]",34,0.123,6.815999999999999
314,cv_no314,"[281, 379, 378]",34,0.079,3.6670000000000007
315,cv_no315,"[285, 375, 374]",34,0.139,3.4130000000000003
316,cv_no316,"[308, 369, 240]",34,0.737,21.900999999999996
317,cv_no317,"[314, 342, 254]",34,0.269,7.161
318,cv_no318,"[277, 377, 349]",34,0.14,3.5860000000000003
319,cv_no319,"[259, 401, 323]",34,0.308,7.655
320,cv_no320,"[352, 380, 279]",34,0.14,5.073999999999999
321,cv_no321,"[336, 377, 277]",34,0.14,3.5860000000000003
322,cv_no322,"[351, 375, 285]",34,0.154,3.7680000000000007
323,cv_no323,"[281, 378, 350]",34,0.074,3.5049999999999994
324,cv_no324,"[361, 376, 280]",34,0.148,5.108
325,cv_no325,"[190, 371, 356]",34,0.229,5.497999999999998
326,cv_no326,"[349, 377, 184]",34,0.23,5.949
327,cv_no327,"[350, 378, 169]",34,0.148,6.342
328,cv_no328,"[270, 353, 271]",34,0.164,4.863999999999999
329,cv_no329,"[35, 341, 258]",34,0.045,1.5539999999999998
330,cv_no330,"[335, 394, 272]",34,0.018,0.6060000000000003
331,cv_no331,"[34, 274, 255]",34,0.005,0.5680000000000002
332,cv_no332,"[344, 345, 263]",34,0.534,14.026000000000002
333,cv_no333,"[194, 385, 354]",34,0.043,1.372
334,cv_no334,"[355, 385, 193]",34,0.022,0.7520000000000001
335,cv_no335,"[307, 337, 237]",34,0.491,13.919000000000004
336,cv_no336,"[259, 323, 260]",34,0.328,8.131
337,cv_no337,"[264, 370, 357]",34,0.086,6.016
338,cv_no338,"[356, 371, 286]",34,0.172,4.1530000000000005
339,cv_no339,"[359, 388, 197]",34,0.253,6.318999999999999
340,cv_no340,"[279, 379, 47]",34,0.034,1.1020000000000003
341,cv_no341,"[198, 388, 360]",34,0.348,8.592
342,cv_no342,"[362, 381, 177]",34,0.215,6.587000000000001
343,cv_no343,"[364, 382, 183]",34,0.225,5.990999999999999
344,cv_no344,"[175, 376, 361]",34,0.209,7.033000000000001
345,cv_no345,"[49, 304, 270]",34,0.013,0.35800000000000004
346,cv_no346,"[299, 330, 243]",34,0.345,8.581
347,cv_no347,"[267, 354, 269]",34,0.091,2.4699999999999998
348,cv_no348,"[261, 393, 231]",34,0.108,6.156000000000001
349,cv_no349,"[269, 355, 266]",34,0.014,0.6390000000000001
350,cv_no350,"[243, 330, 298]",34,0.345,8.584
351,cv_no351,"[261, 391, 21]",34,0.3,12.322999999999999
352,cv_no352,"[44, 284, 4]",34,0.007,0.2470000000000001
353,cv_no353,"[42, 5, 118]",34,0.0,0.008
354,cv_no354,"[40, 119, 6]",34,0.0,0.008
355,cv_no355,"[39, 7, 38]",34,0.169,5.426
356,cv_no356,"[7, 292, 38]",34,0.003,0.11800000000000005
357,cv_no357,"[199, 360, 16]",34,0.636,15.566
358,cv_no358,"[135, 301, 18]",34,1.45,37.134
359,cv_no359,"[18, 342, 136]",34,0.666,17.412000000000003
360,cv_no360,"[18, 301, 241]",34,0.894,22.849999999999998
361,cv_no361,"[143, 274, 19]",34,0.033,2.3869999999999996
362,cv_no362,"[274, 327, 19]",34,0.212,6.332999999999998
363,cv_no363,"[327, 345, 19]",34,0.263,7.335999999999999
364,cv_no364,"[4, 43, 44]",34,0.171,5.516000000000002
365,cv_no365,"[22, 350, 168]",34,0.116,6.3210000000000015
366,cv_no366,"[191, 288, 25]",34,0.144,3.3420000000000005
367,cv_no367,"[25, 355, 192]",34,0.26,5.599
368,cv_no368,"[138, 383, 139]",34,0.223,6.8549999999999995
369,cv_no369,"[139, 343, 140]",34,0.197,6.552999999999999
370,cv_no370,"[141, 343, 142]",34,0.195,6.593
371,cv_no371,"[142, 274, 143]",34,0.021,2.0559999999999996
372,cv_no372,"[179, 365, 180]",34,0.211,6.083
373,cv_no373,"[195, 359, 196]",34,0.156,3.9930000000000003
374,cv_no374,"[227, 367, 216]",34,0.43,10.855
375,cv_no375,"[263, 327, 229]",34,0.334,9.088
376,cv_no376,"[259, 260, 238]",34,0.252,6.307000000000001
377,cv_no377,"[3, 43, 5]",34,0.104,3.3650000000000007
378,cv_no378,"[278, 382, 364]",34,0.157,4.164000000000001
379,cv_no379,"[271, 381, 362]",34,0.142,4.324000000000001
380,cv_no380,"[349, 382, 278]",34,0.176,4.667000000000001
381,cv_no381,"[286, 371, 351]",34,0.166,4.001
382,cv_no382,"[280, 376, 352]",34,0.15,5.166
383,cv_no383,"[353, 381, 271]",34,0.164,4.965999999999999
384,cv_no384,"[354, 385, 269]",34,0.071,2.0060000000000002
385,cv_no385,"[269, 385, 355]",34,0.024,0.7910000000000001
386,cv_no386,"[268, 388, 359]",34,0.243,6.083999999999999
387,cv_no387,"[360, 388, 268]",34,0.353,8.725
388,cv_no388,"[0, 265, 51]",34,0.006,0.2360000000000001
389,cv_no389,"[2, 6, 39]",34,0.102,3.267
390,cv_no390,"[140, 343, 141]",34,0.161,5.468
391,cv_no391,"[47, 282, 46]",34,0.091,3.8280000000000003
392,cv_no392,"[48, 280, 47]",34,0.096,3.3329999999999997
393,cv_no393,"[47, 280, 279]",34,0.092,3.2310000000000003
394,cv_no394,"[281, 282, 47]",34,0.038,1.9579999999999997
395,cv_no395,"[49, 270, 48]",34,0.094,2.784
396,cv_no396,"[270, 271, 48]",34,0.081,2.447
397,cv_no397,"[50, 277, 49]",34,0.094,2.427
398,cv_no398,"[277, 278, 49]",34,0.097,2.5560000000000005
399,cv_no399,"[51, 286, 50]",34,0.108,2.598
400,cv_no400,"[50, 286, 285]",34,0.073,1.7890000000000004
401,cv_no401,"[40, 6, 2]",34,0.01,0.3260000000000001
402,cv_no402,"[42, 3, 5]",34,0.011,0.3470000000000001
403,cv_no403,"[222, 402, 294]",34,0.035,2.616
404,cv_no404,"[263, 345, 327]",34,0.25,7.0390000000000015
405,cv_no405,"[273, 343, 139]",34,0.188,5.957999999999999
406,cv_no406,"[231, 305, 294]",34,0.067,3.91
407,cv_no407,"[227, 312, 241]",34,0.359,9.179999999999998
408,cv_no408,"[253, 294, 230]",34,0.062,3.4980000000000007
409,cv_no409,"[218, 252, 248]",34,0.139,5.792000000000001
410,cv_no410,"[237, 296, 232]",34,0.206,5.863999999999999
411,cv_no411,"[233, 259, 29]",34,0.249,6.201
412,cv_no412,"[229, 290, 263]",34,0.376,10.402999999999999
413,cv_no413,"[0, 392, 265]",34,0.015,0.5040000000000002
414,cv_no414,"[170, 379, 171]",34,0.176,6.571000000000001
415,cv_no415,"[256, 399, 284]",34,0.006,0.21400000000000005
416,cv_no416,"[220, 386, 275]",34,0.037,1.245
417,cv_no417,"[241, 342, 18]",34,0.57,14.957
418,cv_no418,"[222, 326, 275]",34,0.018,0.9820000000000003
419,cv_no419,"[340, 367, 219]",34,0.455,11.464000000000002
420,cv_no420,"[217, 396, 229]",34,0.107,4.503
421,cv_no421,"[225, 276, 216]",34,0.301,7.5600000000000005
422,cv_no422,"[146, 290, 147]",34,0.435,11.878000000000002
423,cv_no423,"[161, 287, 162]",34,0.086,2.955
424,cv_no424,"[335, 386, 220]",34,0.027,0.9960000000000004
425,cv_no425,"[226, 403, 283]",34,0.358,11.075000000000001
426,cv_no426,"[354, 359, 195]",34,0.154,3.957
427,cv_no427,"[282, 350, 22]",34,0.325,12.097999999999999
428,cv_no428,"[306, 403, 221]",34,0.096,2.7060000000000013
429,cv_no429,"[242, 291, 246]",34,0.575,14.464
430,cv_no430,"[34, 255, 33]",34,0.056,1.9940000000000002
431,cv_no431,"[265, 289, 51]",34,0.036,0.7730000000000002
432,cv_no432,"[25, 289, 266]",34,0.068,1.442
433,cv_no433,"[232, 398, 387]",34,0.016,1.098
434,cv_no434,"[240, 307, 237]",34,0.432,12.337
435,cv_no435,"[30, 233, 29]",34,0.196,4.906
436,cv_no436,"[236, 243, 225]",34,0.336,8.399000000000001
437,cv_no437,"[163, 296, 164]",34,0.24,6.65
438,cv_no438,"[124, 293, 125]",34,0.35,8.77
439,cv_no439,"[247, 251, 218]",34,0.044,4.233999999999999
440,cv_no440,"[233, 372, 276]",34,0.166,4.154
441,cv_no441,"[260, 323, 16]",34,0.368,9.114
442,cv_no442,"[252, 329, 295]",34,0.172,6.909000000000001
443,cv_no443,"[327, 341, 229]",34,0.187,5.6930000000000005
444,cv_no444,"[272, 394, 44]",34,0.011,0.3600000000000001
445,cv_no445,"[312, 342, 241]",34,0.532,13.655000000000001
446,cv_no446,"[130, 291, 131]",34,0.652,16.269000000000002
447,cv_no447,"[22, 283, 282]",34,0.444,16.127000000000002
448,cv_no448,"[41, 118, 119]",34,0.0,0.008
449,cv_no449,"[142, 343, 274]",34,0.114,4.579000000000001
450,cv_no450,"[19, 345, 144]",34,0.857,22.644000000000002
451,cv_no451,"[248, 290, 229]",34,0.22,6.927999999999999
452,cv_no452,"[284, 335, 256]",34,0.007,0.2680000000000001
453,cv_no453,"[223, 313, 235]",34,0.011,0.9120000000000003
454,cv_no454,"[136, 314, 137]",34,0.294,8.241
455,cv_no455,"[279, 380, 379]",34,0.143,5.166
456,cv_no456,"[22, 308, 283]",34,0.485,15.016
457,cv_no457,"[224, 237, 232]",34,0.209,5.936999999999999
458,cv_no458,"[221, 386, 306]",34,0.1,2.821000000000001
459,cv_no459,"[280, 352, 279]",34,0.164,5.835
460,cv_no460,"[317, 398, 287]",34,0.128,4.926
461,cv_no461,"[335, 366, 256]",34,0.012,0.4980000000000002
462,cv_no462,"[185, 377, 336]",34,0.22,5.575
463,cv_no463,"[221, 390, 297]",34,0.104,3.145
464,cv_no464,"[336, 374, 186]",34,0.211,5.2780000000000005
465,cv_no465,"[277, 349, 278]",34,0.175,4.561
466,cv_no466,"[347, 368, 257]",34,0.458,11.421000000000001
467,cv_no467,"[245, 393, 261]",34,0.11,6.223999999999999
468,cv_no468,"[226, 308, 240]",34,0.595,17.479999999999993
469,cv_no469,"[244, 324, 293]",34,0.392,9.818
470,cv_no470,"[384, 399, 256]",34,0.004,0.20900000000000007
471,cv_no471,"[323, 401, 234]",34,0.331,8.236
472,cv_no472,"[237, 337, 296]",34,0.27,7.558999999999999
473,cv_no473,"[24, 382, 349]",34,0.233,6.118999999999999
474,cv_no474,"[312, 397, 32]",34,0.118,3.0319999999999996
475,cv_no475,"[351, 371, 189]",34,0.239,5.7909999999999995
476,cv_no476,"[188, 375, 351]",34,0.237,5.7879999999999985
477,cv_no477,"[352, 376, 174]",34,0.211,7.518000000000001
478,cv_no478,"[173, 380, 352]",34,0.206,7.571
479,cv_no479,"[178, 381, 353]",34,0.218,6.529
480,cv_no480,"[249, 363, 38]",34,0.004,0.18400000000000005
481,cv_no481,"[294, 305, 222]",34,0.015,1.759
482,cv_no482,"[46, 306, 45]",34,0.097,2.8190000000000004
483,cv_no483,"[223, 305, 231]",34,0.035,2.4480000000000004
484,cv_no484,"[290, 333, 263]",34,0.419,11.313
485,cv_no485,"[16, 360, 260]",34,0.473,11.629000000000001
486,cv_no486,"[225, 373, 276]",34,0.248,6.203999999999999
487,cv_no487,"[38, 292, 249]",34,0.005,0.18600000000000003
488,cv_no488,"[216, 312, 227]",34,0.396,10.102000000000002
489,cv_no489,"[353, 365, 179]",34,0.218,6.433999999999998
490,cv_no490,"[253, 391, 261]",34,0.237,10.591
491,cv_no491,"[266, 355, 25]",34,0.13,2.6449999999999996
492,cv_no492,"[217, 315, 228]",34,0.022,2.9069999999999996
493,cv_no493,"[219, 244, 236]",34,0.418,10.484
494,cv_no494,"[181, 304, 182]",34,0.155,4.274
495,cv_no495,"[21, 334, 261]",34,0.371,17.527
496,cv_no496,"[4, 284, 117]",34,0.0,0.008
497,cv_no497,"[223, 316, 313]",34,0.025,1.8179999999999998
498,cv_no498,"[275, 297, 222]",34,0.055,1.986
499,cv_no499,"[116, 292, 7]",34,0.0,0.008
500,cv_no500,"[171, 379, 172]",34,0.179,6.678999999999999
501,cv_no501,"[242, 246, 219]",34,0.554,13.920999999999998
502,cv_no502,"[306, 386, 272]",34,0.061,1.8159999999999996
503,cv_no503,"[235, 305, 223]",34,0.026,2.0699999999999994
504,cv_no504,"[216, 340, 225]",34,0.328,8.249
505,cv_no505,"[23, 303, 176]",34,0.155,4.905
506,cv_no506,"[27, 23, 200, 176]",40,-1.2364518019765205,-38.901661816466024
507,cv_no507,"[27, 115, 23, 175]",41,1.2135482411484,39.88926295623944
508,cv_no508,"[191, 215, 190, 214]",42,-1.3438920564631303,-32.395775476976844
509,cv_no509,"[190, 214, 189, 213]",43,-1.3399070585806865,-32.54205206259826
510,cv_no510,"[189, 213, 188, 212]",44,-1.338745110304737,-32.65302816869655
511,cv_no511,"[188, 212, 187, 211]",45,-1.3371373132945803,-32.81931214351602
512,cv_no512,"[187, 211, 186, 210]",46,-1.333062839773498,-33.0376056559793
513,cv_no513,"[186, 210, 185, 209]",47,-1.3245646120097054,-33.368849294643894
514,cv_no514,"[114, 113, 174, 173]",48,-1.1640332580176054,-42.108479301307874
515,cv_no515,"[113, 112, 173, 172]",49,-1.1479032654392565,-43.10592689697946
516,cv_no516,"[112, 111, 172, 171]",50,-1.1733992901932122,-43.14862958067097
517,cv_no517,"[111, 110, 171, 170]",51,-1.188969283835932,-43.45795008276367
518,cv_no518,"[110, 109, 170, 169]",52,-1.1836627153240402,-44.25469480431384
519,cv_no519,"[109, 108, 169, 168]",53,-1.1704128796585642,-45.33472913300174
520,cv_no520,"[106, 166, 107, 167]",54,-0.8266778290264277,-39.17567453971743
521,cv_no521,"[101, 100, 161, 160]",55,-0.8018853754486507,-40.22776597694602
522,cv_no522,"[98, 158, 99, 159]",56,-0.932171088754594,-40.41983930297322
523,cv_no523,"[97, 157, 98, 158]",57,-0.9622950383403781,-39.37659301757194
524,cv_no524,"[96, 156, 97, 157]",58,-0.9758430389969587,-38.782289065779
525,cv_no525,"[95, 155, 96, 156]",59,-0.9838866481300759,-38.390011052997224
526,cv_no526,"[94, 154, 95, 155]",60,-0.9876327673686248,-38.09108177061573
527,cv_no527,"[93, 153, 94, 154]",61,-0.9894327638752394,-37.8910399518177
528,cv_no528,"[103, 102, 163, 162]",62,-0.8368731249340778,-39.19185216125787
529,cv_no529,"[183, 207, 182, 206]",63,-1.2979028345515833,-34.86208597539588
530,cv_no530,"[181, 182, 205, 206]",64,-1.2857922757224265,-35.40239062364881
531,cv_no531,"[181, 205, 180, 204]",65,-1.271652901012323,-36.011528230024716
532,cv_no532,"[180, 204, 179, 203]",66,-1.2567013775614402,-36.673036650730424
533,cv_no533,"[179, 203, 178, 202]",67,-1.250843824192384,-37.204389018667484
534,cv_no534,"[177, 178, 201, 202]",68,-1.2466124797617004,-37.730134001268546
535,cv_no535,"[176, 177, 200, 201]",69,-1.240484702077948,-38.3205242854036
536,cv_no536,"[174, 175, 114, 115]",70,-1.1796643926568722,-41.16943562849033
537,cv_no537,"[104, 164, 105, 165]",71,-0.8431712126649784,-38.92396255149045
538,cv_no538,"[166, 106, 165, 105]",72,-0.8401480063792031,-38.91222964664226
539,cv_no539,"[104, 103, 164, 163]",73,-0.841515704241517,-39.027946621277906
540,cv_no540,"[26, 207, 24, 183]",74,1.30423437161041,34.44999889822638
541,cv_no541,"[161, 162, 101, 102]",75,-0.8267676201822096,-39.503280355591784
542,cv_no542,"[141, 81, 140, 80]",76,-1.2430958011611715,-41.36320531206238
543,cv_no543,"[80, 79, 140, 139]",77,-1.2540749047395412,-40.560864635365235
544,cv_no544,"[138, 139, 78, 79]",78,-1.254167651058757,-39.99767632062417
545,cv_no545,"[56, 196, 57, 197]",79,-1.0494923499581883,-25.161980244960965
546,cv_no546,"[198, 58, 197, 57]",80,-1.0477645182121642,-25.22849707876278
547,cv_no547,"[56, 55, 196, 195]",81,-1.0505312055816722,-25.10949818702451
548,cv_no548,"[55, 54, 195, 194]",82,-1.0510683701834649,-25.076513931811927
549,cv_no549,"[193, 194, 53, 54]",83,-1.051592783318636,-25.067021066861603
550,cv_no550,"[26, 24, 208, 184]",84,-1.3101436119407415,-34.074881865206706
551,cv_no551,"[21, 160, 14, 100]",85,-0.654064804536376,-45.725881720085574
552,cv_no552,"[63, 62, 123, 122]",86,-1.113661854159342,-27.75353614272864
553,cv_no553,"[62, 61, 122, 121]",87,-1.114111810724493,-27.696994154862633
554,cv_no554,"[61, 60, 121, 120]",88,-1.1159740514022753,-27.655411882634475
555,cv_no555,"[58, 198, 59, 199]",89,-1.0457276003843659,-25.340116911427017
556,cv_no556,"[53, 52, 193, 192]",90,-1.0504859144673075,-25.078551221925792
557,cv_no557,"[13, 20, 92, 152]",91,-0.9359161338684358,-38.95793908218497
558,cv_no558,"[13, 91, 20, 151]",92,0.9168222532178949,38.6937671461188
559,cv_no559,"[10, 17, 68, 128]",93,-1.0943655057940895,-27.608284183738444
560,cv_no560,"[10, 67, 17, 127]",94,1.1078268972394187,27.88728099043288
561,cv_no561,"[22, 168, 15, 108]",95,-0.8590958821876065,-56.16216331269294
562,cv_no562,"[22, 15, 167, 107]",96,0.7142178909449249,42.70434970547311
563,cv_no563,"[64, 63, 124, 123]",97,-1.1121203175634098,-27.786625735493455
564,cv_no564,"[21, 14, 159, 99]",98,0.7071649774457456,48.59137608590159
565,cv_no565,"[19, 144, 12, 84]",99,-0.9835621802422462,-35.89285126605666
566,cv_no566,"[19, 12, 143, 83]",100,1.221235713907902,43.8329417777222
567,cv_no567,"[18, 136, 11, 76]",101,-1.3018054508695955,-37.403168112577966
568,cv_no568,"[18, 11, 135, 75]",102,1.0609548582207902,29.460555575496038
569,cv_no569,"[16, 120, 9, 60]",103,-1.1172347931141637,-27.57320815340034
570,cv_no570,"[16, 9, 199, 59]",104,1.042471015103061,25.465954914249828
571,cv_no571,"[25, 8, 191, 215]",105,1.346964050149926,32.32474245884359
572,cv_no572,"[25, 192, 8, 52]",106,-1.0506172959215514,-25.126316724040414
573,cv_no573,"[185, 209, 184, 208]",107,-1.3178365428539183,-33.696084921760075
574,cv_no574,"[77, 76, 137, 136]",108,-1.2863574657362904,-38.27993945764434
575,cv_no575,"[91, 90, 151, 150]",109,-0.976066190436261,-37.165209857308966
576,cv_no576,"[90, 89, 150, 149]",110,-0.980217306555527,-37.010077411690894
577,cv_no577,"[89, 88, 149, 148]",111,-0.9817046035005973,-36.866130507654965
578,cv_no578,"[88, 87, 148, 147]",112,-0.9827958200551908,-36.731648661867574
579,cv_no579,"[87, 86, 147, 146]",113,-0.9833523321792322,-36.561009224129
580,cv_no580,"[86, 85, 146, 145]",114,-0.9844836907690138,-36.3762394787231
581,cv_no581,"[85, 84, 145, 144]",115,-0.985260589715026,-36.12996071178647
582,cv_no582,"[82, 142, 83, 143]",116,-1.2366662208216408,-42.76155940646238
583,cv_no583,"[81, 141, 82, 142]",117,-1.2402398545589384,-42.037740241928276
584,cv_no584,"[78, 77, 138, 137]",118,-1.2708527205434905,-39.11796221190448
585,cv_no585,"[92, 152, 93, 153]",119,-0.9874691817417455,-37.77622426238194
586,cv_no586,"[74, 134, 75, 135]",120,-1.0599061380548522,-29.192540087336237
587,cv_no587,"[73, 133, 74, 134]",121,-1.069247172966417,-28.79246771103381
588,cv_no588,"[72, 132, 73, 133]",122,-1.073618843167178,-28.54842980567213
589,cv_no589,"[71, 131, 72, 132]",123,-1.0836539271740926,-28.21820307868639
590,cv_no590,"[70, 130, 71, 131]",124,-1.0874771516717803,-28.034810783094485
591,cv_no591,"[69, 129, 70, 130]",125,-1.0920822586969732,-27.831717962809304
592,cv_no592,"[68, 128, 69, 129]",126,-1.0952835059573713,-27.693324576366294
593,cv_no593,"[67, 66, 127, 126]",127,-1.1104382414303036,-27.87633588112817
594,cv_no594,"[66, 65, 126, 125]",128,-1.1107819045646765,-27.849599912378373
595,cv_no595,"[65, 64, 125, 124]",129,-1.1117924745514665,-27.832452992918046
